y,x1,x2,x3,x4
172.12122452716292,11.675350001876254,86.61175889430439,-49.243556696770185,-90.965777976049
16.66872023981582,29.86536898372748,-63.04871167214174,-48.866660069958634,11.48208201019078
83.79589710760409,-7.524302064365827,-34.98291577595853,57.637046717599475,-57.894750130848834
290.7696027971984,82.86711002306635,-9.104503114174989,-49.9132151745681,-83.72284772659933
-152.5539765895338,-90.78609925089759,66.42944909754084,-33.36726523773703,-23.521760823999998
-141.08683182394623,-59.66687531676329,-87.854206387231,-36.409046278927406,-11.966514292885606
7.617163255183893,39.95756985501603,71.18237118495139,-6.389898200931327,59.723697004948946
84.1871165023712,98.7209506305058,51.4077478124355,-57.15785335922949,78.45763544468832
-165.09018096303345,-35.71442919819299,-9.344008769840656,-45.7189325415432,46.335473784509276
184.85084175158264,23.810541935829605,33.8799958020534,12.398635363119197,-78.39613951151946
283.5261219681665,89.71544568275047,-17.98443220463153,23.489325835401047,-56.475457545463414
26.06573339202271,-50.204674594701835,98.88614509703208,-56.749673399599374,-82.09659585972267
-187.98307290211017,-56.08860647882394,37.03077986122514,-56.68944288520619,37.64960539474595
-264.1253821574181,-64.52442611412218,31.35505491235466,-37.80105552087427,78.15111342350608
59.68848729042116,77.18069333109855,78.68205878578036,88.80317480776233,97.29502652525909
-68.77426261517061,-84.52722494739294,-76.81769791483069,62.62372700138147,-71.76467243883579
-99.61264834469056,-12.986116110496695,58.037013794321126,90.98174393496919,72.41760534837974
-71.30414659504262,-21.51086363082885,1.8324089397062266,4.189552124174284,17.05267232288928
-50.607465638411504,-59.455499843113714,-47.76430840803456,-87.91361073683885,-74.13658968421774
269.104220876019,91.52391892726467,-74.27772111964006,-90.06637251168112,-75.7232255348673
-108.76805744001422,-67.27689256780997,5.747815194125792,32.707454763507826,-15.381416880609748
-167.23661053026845,-68.53352254047691,-17.438685546121604,-30.628089997126423,4.11812328177173
55.27336707543677,-41.04679117179839,61.87593662275623,-80.537900965559,-98.4683613396879
-24.859905873885836,-19.88788779866701,79.2910502503799,-80.90510001504529,-15.346669477212572
-154.62979270473718,-34.52373320634278,47.74640677011641,72.50721712894085,73.22931820126357
62.37514327134836,-16.173788535265544,82.31942321382442,-48.538383312266475,-59.25481616043547
105.63518673360295,76.2079173207255,-86.5004528413188,24.925815818993954,28.838743311834378
83.7275886722871,31.35931649073237,-51.46481354123249,-11.563216903447923,-20.294753646578314
246.85482606225705,47.89209889226461,24.66626269999408,98.39986103850637,-69.34646406923119
9.51901877726793,45.136204786122704,96.10394891417786,45.655089772237346,79.60471338573231
156.77735465259613,25.715843234418116,90.68273444162085,86.22281226170307,-34.56379364028656
318.9963519479598,59.72381716762726,94.57475145259806,75.16854223375842,-93.38272770222669
188.68868878130743,96.60493501700242,46.13365445660443,-18.408072668775418,15.331427281788734
203.23924569526426,12.351995383265873,-16.048031363114674,86.16025052594978,-99.32823746921859
129.11261222800053,52.92229342841782,84.44253433475686,51.580263400004355,12.889282236311075
-369.3207565869809,-98.70805675802792,-17.63620978723199,0.6269324381679553,98.33968221488138
22.376749288290355,-55.33352023981286,45.57395759489478,49.11122307064474,-74.47466709670107
104.83378249960602,-10.487263747217085,-8.594647545418837,89.99290649873771,-65.6564328306232
-31.544144693047517,-14.998762740880139,65.71749259462524,-7.123641079833959,8.105812695097185
214.32202688296337,96.69759363533248,-88.14659994774763,-75.71834777821265,-32.70990409049479
-123.21099650864096,-48.29558904575839,40.196299299851745,-58.32601213471844,7.184365404329341
216.0910132876436,78.25860710112931,-77.62028010302086,3.7365316484046787,-41.98806039149279
-17.414222586600044,16.58861245565717,-59.76911661124069,-3.6361921405566164,24.364952218591156
-17.022450520618282,-22.22645043922134,85.91599445201851,-61.15477738472772,-19.122319652647107
19.159018451884602,77.34685131367146,-26.02431713236892,-92.61178091739497,72.33090517520529
155.01184715873583,43.68029382610055,56.70775621797338,-61.625904274611344,-43.06600307628257
-44.314635015933995,-76.05621787217657,-45.594884455816185,46.37184046644248,-74.24619197669904
-219.8194229613695,-44.163815646495095,-39.20453346545918,-25.752049692841112,69.61658493637864
107.83931697384851,-12.146503380002073,96.45842693779625,-40.841259719359144,-79.41947231141262
134.0819653926387,37.96836737349861,19.46442732633878,-0.7312370460681166,-30.912277184335068
67.74255160569646,4.350724723860267,28.662807545042256,47.79153261877278,-23.706953557572746
30.336407277069974,23.362182976361794,91.73539580828358,-12.860181918639867,23.994698034253076
14.05400483095944,56.94309675241797,55.47972917258306,86.10172814760949,94.63684215219854
33.19659587222947,21.586198046921524,-45.512541195682175,-89.45077234960841,-16.184903081714964
40.96080850351886,63.09816579142122,53.47670922431783,-79.78121033011611,53.07475894466256
176.766463977226,87.36441720074734,60.237218935286165,95.52954233664869,34.923501983093786
-228.81893421624156,-18.515409962295422,-76.70997970114936,-74.37129680000227,95.03543470651604
-291.4804062000111,-91.04341807954741,71.7398771201456,40.84487478225128,80.26886563288969
35.77677341818152,11.19189171207151,10.145517385418884,87.43001561435005,11.18355716205744
137.22532884254997,20.998333270375454,-65.97333266336965,-16.54222060128636,-72.65922632741662
43.17726140908077,-19.1352072156578,-72.51497510483647,99.68685937455001,-45.45689040964713
1.6039352075711824,23.888998038303072,-82.13824454306587,-61.02011857584413,7.36770171263727
169.8637756881846,67.37362667113635,-83.3561736722813,-46.56588545908209,-37.60949750344891
-63.16027051824466,-56.49266516366565,-4.663402050352744,-95.00447433818205,-56.937964839590705
-28.4747394901186,47.306114193243076,37.80179737608535,-47.75675115076299,79.88150552562462
83.5595001061115,-0.49317504028047665,28.892117826950994,-40.880890374352404,-58.06271600110444
-34.08803626490515,-61.74665466653333,-37.488506172272416,-3.444230588102087,-69.69444548688818
-109.53521303197122,-47.44217925381595,26.872293289214326,1.6090900665294043,9.061963640174511
15.789845435856229,13.555245718798446,76.26505992302958,76.62352329662983,35.253410867533944
-1.7980466098244399,14.112566393035863,11.371911863860547,45.833842501905195,31.47371480151483
4.165774090466844,-59.692756589978856,92.77179259934866,-46.937654910452274,-80.17526159091287
-64.41909156537437,-82.5790027045076,-38.583113757817685,-66.91080109995515,-91.4708955518702
-233.8401520554392,-64.83214540855609,-95.29249419672871,-23.93147624550427,42.01200899754235
-307.0562526778251,-93.80998243049675,-57.07709485403611,26.50039910857558,64.34190801221055
276.33410141035637,79.76070282093431,-98.56131715111576,-1.0641449628175224,-82.56142266863218
-34.7603394214588,-69.44447397001966,67.63066982437752,58.3920302737811,-51.87896433412911
-137.5901203789771,-7.962198768304333,-6.353964384317521,-15.742374206509396,73.29599867965518
-70.95593680032268,-84.92067740204632,14.373257676935978,-7.330399329444589,-71.14960765109302
22.525482181822014,57.09423507531457,-69.73584002764551,-40.40493506171063,45.95104856815385
137.33382181447513,-14.320096929272367,58.82807160027298,46.248764022735855,-90.006392763786
-32.17258393708901,17.789054026064036,77.33747037175837,77.82628919245968,71.88944857149292
-168.4235162878575,2.1125418718410174,32.89037538505792,-82.85825429420699,99.91443513970054
-235.64401438547767,-64.91828928845634,61.421858486640275,-53.406814259514256,60.51192261392825
37.407697388639185,33.57173189637231,4.794543664967293,8.711569247393868,24.535914163547744
-25.387206871025967,-33.54845587788451,-46.34833707433423,97.20580765128341,-17.929680317751192
-118.5771893640792,-18.816943633820713,22.91428312121954,22.132111121859865,57.91697857696073
29.80041917684807,27.72140901686228,-52.067823835446234,47.7378623014109,20.815028808539452
155.25770095498322,31.135620350264787,1.8961599165434393,-18.3708646202449,-60.287728624179614
-30.04372313583746,-58.711765644191935,-51.902359014737456,-72.50919280188926,-83.55119146459916
257.45531451269255,96.81670046064076,-48.24495715604991,85.13541951151629,-22.33340659611099
-178.99696273130596,0.1521732061862764,-11.815611600799485,-74.38331110558671,98.77583421593101
-175.81514418104078,-85.41518953335556,-77.54823341154524,-28.30337555192648,-21.999851972318723
301.9844451052757,62.96037099254107,49.43194905855651,94.8394892479823,-81.36414104083975
-8.983723404364502,3.032642701100926,-58.30649703617126,5.897112240462363,2.2242257872499636
-68.46590010106786,-57.341517220279734,-18.5650937775669,-62.40343200873928,-50.104793439007025
-29.40415813078499,-2.3900195881782764,20.365025692309246,-19.522355959010312,14.509166115925993
-24.42005789017271,-20.829582057283673,73.27539087945789,56.86293688718163,8.983239589843222
5.695221317941456,-47.678631509025294,-43.939289162240655,-53.58622423997947,-86.32336595153501
-48.16432903338376,-44.15715749762579,-79.62491548125573,-16.886464655456706,-45.42615217905159
111.0369282207395,-35.72380461944678,24.46305286851907,99.87908979980833,-97.53548227416498
-343.48022025089523,-97.17924201064152,-57.98658688330529,15.523518616284832,80.90076345596401
107.32357498919167,99.21364206014616,-80.73889377876644,2.0847291286536773,56.39069234791114
-238.36665042683367,-61.27503188773002,-14.932110098874986,2.241967658710209,66.93316785883579
67.89175556870693,96.70543040242379,-16.580766195913952,-78.4907228956876,71.57599848545306
-121.53414008265476,-56.692443539976225,-56.83063612873278,24.435517870175687,-3.6562882775695016
222.16637181317688,50.80817371958872,49.38434628543661,4.484744365631755,-64.594495668531
-58.75200434207358,-29.92979746063513,-57.51569944049033,28.560615651719758,-6.542048647400264
-162.7425281859804,-10.811720760382372,-71.9143503262155,-75.99652363686008,63.91677389765306
162.7484416356294,46.13302443392098,3.3761334701800223,46.27025258695622,-31.174506951305418
-196.22276009480055,-92.9329465824205,37.30187587132599,37.94227069480124,10.905713073261893
-117.76707676689081,-44.40200100164273,68.56975986955578,-54.7087744558681,13.968738388281992
94.93030770282104,53.326187410640756,2.518664173503254,-81.95719968124365,-3.1897474674209576
139.82857115383064,56.11919732803767,-76.47500123984845,-74.41031643821188,-38.65124789209708
-82.09270046899165,5.6125722410534,32.30780041030215,-99.33615940986162,45.74901051298224
-0.1943511610353429,-43.34873161302046,-8.79660546247176,77.9261370334282,-45.81937232283677
-153.96610200500598,-65.1723393235259,26.679077635444656,-64.1517983882522,0.33177635109234416
-192.55558717558253,-43.66245119834817,-78.33524352578544,90.54398437271908,69.3257557911999
-142.4080240745422,-10.024931115798339,-9.923034675324544,-59.380479683693196,64.41077077784706
-123.00265978417339,-43.17384229750307,-88.63787764157354,53.33310116351652,16.327638851022684
79.37888900004661,-0.06879782670175416,51.33630848672874,-8.002121381898618,-44.91465379246311
-135.27953550203466,-13.481234358553266,-70.30772428429648,-6.116767265033033,56.84564148489409
-7.635968093767518,44.73978116519885,36.38908966981768,-83.94481849934704,55.673375735794934
-28.288579283432906,-54.78634513660654,96.21955254939988,73.32291875058505,-28.227146811813682
-134.9347939284912,-70.14679218564379,32.76418898813179,-3.4353476458754812,-5.945641966911765
237.04320288066617,89.85685246548982,69.67598287150491,4.9205474428422065,-17.152879032330176
-102.66674675654353,-80.83935053498514,-58.16169618257725,-82.08762999505362,-70.18480544120922
270.7801585343884,82.55210087796169,-88.9219806146958,88.74508593565585,-56.10382145689093
-20.390197560660233,-22.57250476722068,-66.94623954376252,-2.197184401625279,-28.688354075895035
-45.102270827190345,-54.24741775283004,-47.285809476937544,-43.24570016094669,-61.80052757444658
55.817688894019426,-1.2595550891613527,-95.77804154212437,-61.07841993073826,-64.21653100204881
117.20396895500635,7.13033002526295,-38.27945044747179,-21.351858713128394,-75.67071030724921
-278.0408593801835,-67.00021648474524,8.150482813874888,-51.813571820132175,77.40246085806393
-158.24827295048175,-30.66440835665007,23.495379129973543,58.619937384953346,74.30956618702066
-331.89805844233945,-84.02393434686061,-52.46375440990778,39.351111169921865,97.0391947861348
-110.35213748340654,-39.59696483072288,-55.737705871502506,31.94914607474655,14.193314220419964
-278.83307011291686,-79.43807022224345,-23.615596489806137,6.469790356726264,67.56368965927712
54.87447833904111,53.42821555125522,-33.847471715477596,-92.3063327102004,15.099060478222597
33.16640487176463,-11.017388963955412,85.10032728299905,59.04591705374068,-11.86717734256672
-30.24350149990571,35.16983280820165,-65.8942992596908,-98.96237805900445,38.52056071652527
137.39338911638157,12.48478524357563,-23.803897920135952,-15.312360569074187,-77.95080701138922
-189.8272723397492,-67.91431830868385,-63.92627216848765,62.45522742515408,31.20383370905023
-126.74263020253505,-71.92980267918554,85.32252659802126,33.91137907731962,1.8978803084453801
277.40140230801273,86.28102491930031,-94.36342584789075,-26.283785222709668,-78.57043144994178
17.7942939231919,18.815426566101152,36.17108759940254,-46.140998347227246,11.051299877069297
-182.6242877007817,-8.240230009677589,10.826171955407943,-91.18190271615636,89.80245288384987
102.01318956543697,22.11634514235658,-35.187531568049565,40.478360504314736,-32.129490601385896
120.05614901932393,50.91534392042516,62.67292333636979,-31.4386710713852,-3.804746160042228
12.033881954697758,-4.8722571424002865,16.685190752223008,-17.175611900716504,-15.530794515920391
245.5167683036772,30.878847834313774,99.78980285679592,23.488099699829775,-95.71064913742804
71.96507896477942,53.55945505591174,10.304706446315535,30.099090069656768,35.09001987839747
160.52144903062148,37.544642853896875,-8.621065163073766,51.82713544250353,-42.5503954628272
45.04933663236075,-18.390499711422322,3.4663763102762033,-69.12275217734,-67.64484259398586
135.78613017573014,64.93620471361228,33.170076948480755,5.631235819245788,8.690337115894309
-170.21059571161638,-98.00219862482926,87.81553749264461,91.42737688717776,5.306414401150022
166.98677870300756,79.93961657944425,91.76364949136169,39.84048080986028,24.444372838100776
-164.60907359452509,-93.77088350602298,51.94872056765348,43.25063564898795,-7.405494903152302
-80.96756710797803,-83.89833927088988,22.913363798246266,-89.17211307785864,-78.12628070375773
-197.18045704466596,-51.61121587730379,-18.72645303342624,80.10408563763761,68.59584939840056
-84.03668259413959,-42.97742010992487,24.86429120450491,-50.51677347033401,-11.712492178234442
-147.40757635574366,-57.62306915493733,38.9695034816022,-98.74827945605577,1.4647476636578034
-165.6874929401619,-38.845259588367156,87.67980804772742,-19.311086870839162,62.11604210761706
7.776823855714735,-0.06029474652129352,-74.1501102596775,-64.18104507394749,-28.765940521339957
175.23966935575706,28.985002196529194,9.782108440871767,-95.71178164787642,-89.81051365585853
-119.66197951710845,-80.01697909951156,-79.11576156286146,-87.89783583856749,-62.48602382745603
-137.75444486175138,-88.01753674821504,-55.503462206686095,25.94391262636381,-35.88811335706228
-20.060878699920906,40.773961640816225,-89.20844782325604,-3.838443833775713,54.842629457181346
49.9186745088447,85.57653084138408,2.1986542181542887,-99.36187280369725,66.54697567574627
61.922916539187185,75.34277695541095,-11.445904782630507,-18.4420141703405,58.57273461158309
58.88129328158245,79.34752174514023,62.42431422053093,85.45611107643316,97.85672880987457
295.49257702846,59.42288881329884,97.07315381832308,69.4962691488015,-79.70800909522357
159.80304496545577,73.60955149501169,-31.28403626814091,-9.57309667864969,-7.959871744410393
-100.35297551909181,-60.009408489710566,98.38717366667257,-2.859978145677104,-4.174746900431643
-182.87918977185043,-93.6202362833303,74.74877475951664,98.8996074804524,18.8379371406064
-69.53686659835508,25.566423139607636,-89.69216989650258,39.88101597732009,74.48049602758641
80.57968640608567,99.23880902637595,-36.24510907853777,-37.99406504067262,72.2448413850505
-29.064744251927124,-65.15095432886008,-69.11667493690075,-66.21346702044235,-94.77360591271164
70.74278101534811,-3.719920369989353,89.97104150724593,20.634136183415592,-33.056175808993004
161.64889152801788,35.499130578243836,1.632278046707853,-72.56389244602511,-69.21977172775244
57.75956513669841,19.11509575051184,-13.031518275167528,-9.081349079390037,-14.653986023171669
-96.25441954813529,-14.651618129732086,-29.01416603878502,2.031648678083215,37.524655224998185
201.08828009265466,98.46223664660909,-44.721151259121704,-79.83906489723228,-15.80019514862181
-181.62545292029614,-10.543939514380597,-61.816166522275665,1.1761260430082814,92.97335848371006
299.4362499549981,81.08186091185465,61.73661000062677,-25.59209522128016,-76.23288714678583
-259.27693797399183,-71.19343436488148,93.46287145379424,45.84340459038768,91.39730939546374
-270.37545029133975,-74.85094939878371,54.69736469820083,4.31329217353138,79.38075602713516
239.45735181359478,62.04112681754128,-23.752256246787724,38.63936157626665,-64.23184302150361
111.67251032309514,93.18976137321127,90.76450029642757,14.429242557904033,73.33390504962651
-280.9273369336132,-88.49464338631702,87.0331647270186,49.51237820258305,80.9656645561879
21.107647587149962,8.623692543335466,-34.16274603799356,15.804817577882318,-3.526481032918042
201.7878419596033,76.73299032567527,92.6500261239409,-18.133391408789862,-13.757528618935694
-302.64871801643517,-77.51312076581095,76.93681367756733,-14.43381430094719,96.17899578279972
89.82064383656837,-21.864977941915626,-49.90888708624206,-13.580614431185438,-98.057976392859
-95.36384736727082,-82.07746279380699,-35.79389950334564,99.40411689908757,-37.64741102644855
125.47160044858698,78.17792927557053,-55.66177952460023,68.85339508204973,32.31079671328885
294.4400531940229,93.08256681822763,91.19838837580397,11.557427607920928,-44.767967752550234
-32.41217396929299,32.53884905118838,29.239824315430525,-79.54858594244396,54.39407343845204
-175.7928382671838,-25.720329599886213,-64.01538242277205,37.382002148176184,75.18686892296523
-62.97349288670028,-95.58730425968471,92.97531495230365,95.13021756787063,-58.645485870468384
-59.20804844237285,-22.20689075813253,46.84637856822127,94.77389876562796,32.933068029524264
-13.985708660977169,54.57624198946988,-49.238682675199684,-84.80969751000399,60.42182220486811
232.09708859315563,58.43673920842619,19.08366963987487,-17.00308343728301,-69.03212967873746
169.943839717007,6.844448428037907,49.06928275667323,53.88814224510094,-81.49526015723279
130.8851904862318,76.26125644256572,87.31865694662241,41.22500250886824,42.07762043859216
-176.67635589884551,-77.56102133609208,93.00112028975656,-80.2627745894923,4.47685263488502
99.91270114420489,97.6800734605417,-8.880649225472382,-16.984132027383495,65.84951012637268
60.626931776788176,-30.285310467800315,-5.479466465757497,59.02698665091128,-69.73113737627226
-227.70666012226025,-72.5063820714378,60.45990668207827,-19.32601598388611,51.79637916405028
199.51803559384075,51.07934678945918,69.85747557287155,-47.00893663101966,-56.69204322363588
47.617259920327676,-55.92250364154956,72.09525478689497,15.427785521014442,-93.67329754894249
-108.82232375529262,-92.35304753539391,83.24897296192344,-42.39306717332414,-53.41119777296437
-120.95084908600924,9.291079962171665,-85.86966773866698,-64.11756289242518,65.1358770988277
-214.21469953181176,-41.43132456731578,-7.655722560163667,49.670503683439364,89.1718509914916
58.76521559561735,-49.160271264308086,94.29350765552252,33.338577895492165,-84.55977682472783
-17.23456478959909,15.404727658240702,-73.94680838914653,-89.70007162035981,3.5279966227939497
32.49063289874595,74.47265994368473,-61.816516750305325,17.3371346855254,76.0292081181671
-181.85825226805278,-87.22808377003138,-75.04915498790076,58.9153451616867,-2.9172281346141915
80.27278294765657,8.182420291271612,-1.7124349723680439,48.61073388810871,-30.72548955098182
-210.822508796847,-51.30673485189947,-74.7284869102408,53.10550042971215,64.14282463328885
-34.84976819335017,65.4611696694516,-66.1033824125699,-26.94679837580449,97.28485231045184
-104.89638827601053,-34.9858080417568,-42.2215716223012,-32.44325237933161,6.0978229657767
-312.9670203383863,-93.51508265125187,4.82988487180323,-55.49263611564501,61.860920634710055
-97.57545303710897,-66.6643895566089,-99.84064163936918,-83.49707003386291,-60.429710119882806
-208.15790125636306,-64.94260952858787,55.42221394049986,9.766046582671521,54.272332875915765
-155.38234346680215,-95.63085642028959,69.43563370973246,-36.7071746873767,-29.050078072639437
62.61623959150697,21.19152627354272,-67.06812450534315,-22.696028440642152,-25.79378214570329
87.0837421240291,77.94232380670593,95.38911709111187,-94.94659196483201,47.268473165313935
-91.70540865851433,-37.570756819814434,-93.42413349797883,-58.09870086856934,-18.432368537283736
-104.92040251772458,7.504229211983642,94.20688381228243,0.28800107459900914,91.82435133346775
136.87826022578685,18.43183503165224,-37.29368269188149,-52.5211676772462,-78.48486905577312
-235.93058087273153,-48.55000787489827,-43.703270319828505,-80.71761960627894,62.20248310782429
164.6516356404414,37.980160825394705,-31.93958806146449,26.886002712281766,-53.01462399784687
-168.4125857367159,-16.808380675435046,-38.7235196875696,-65.26467242209088,66.06728055181117
204.33258413209865,39.375390848099926,-3.786146830370569,60.92888068534157,-65.86648840857907
-251.8223670569016,-67.35748216725621,79.2822373275165,-64.69628350979431,68.29862984915005
181.24845708342906,61.92846426366819,47.22640566542228,-4.897322077428058,-24.91770636031987
-72.91944140585845,-17.093878277509944,-36.71403500648174,-2.956919693753136,17.44258653934783
47.41538186215054,-52.95383464622026,-25.75955146906213,47.18831295139029,-98.36106069737063
135.37260245375705,32.22175265722146,-66.3864616307645,-14.154531303361125,-55.00381937590908
-161.5058935439076,-32.47038019306896,-49.9302009717302,47.457056179757274,60.58291425589806
-81.39486003448032,-96.80170451352853,-48.62885429762418,89.74672325597982,-71.24324452258011
-262.135896972417,-51.270932334672125,-44.08563787395943,-83.21607751170959,74.99977691988386
28.4226360389901,83.47872521565554,16.56656322558851,-8.600911467300847,97.92430345044636
-3.165659286385941,-49.66791594972706,18.365576333195264,-34.91951102019375,-70.39975068309343
79.04445100130438,38.293219458400614,14.88902460355537,-58.05119776612875,-6.947699383701973
9.25864359108751,-26.497374930257166,70.65724384055702,99.23133764183194,-12.454309752372055
-268.3734232927254,-77.61750824277107,48.779052409389436,-39.58854874752122,65.1667645836412
116.14561544589627,89.9834617663615,70.85333271486394,74.02381688545842,74.66577445155949
-286.4049238073994,-90.72286824655198,19.19081480881175,-14.985344149708041,58.7703454212396
171.10095927382,61.0206104306443,-96.7453834083428,39.090399273616924,-32.535693323758295
-199.34775084760494,-76.22427751390133,86.75205899271498,-99.75069149083279,16.523557256777337
166.32311797325954,40.267632089857585,-90.39771375454752,65.805498809569,-51.95122348572152
63.658726277180634,68.58933438065932,23.70257475366617,-81.15850729397727,41.52624305723282
-5.6757744233382885,-1.928637748927244,-95.69130731534312,-43.83945430791463,-21.776974942227852
127.15518904225985,85.4350482003176,0.6197233704857439,87.66290814564951,53.635253152990714
31.052161402265142,-55.3456535158507,57.45174516338261,-38.18671925023649,-94.95547787450734
-31.2609343436829,-30.680084681823146,83.14476333862694,15.866367932064577,-6.630926200109343
22.544547357714357,-51.39699996671001,84.75812751640564,-52.805663140853085,-82.94920844570942
136.63259654027945,8.161829066455923,-59.868998573529566,78.37147081741767,-70.40594319297371
235.8509609266801,67.9348411805615,-97.30633412095497,-6.713703611490089,-73.64743488141563
67.68922678803536,-20.514789782290592,27.62582372590849,-64.29675959174672,-80.23508182955463
-67.15157143764633,-79.4512175420582,-51.926518187477114,-62.08617095074178,-86.43976547275093
184.14921709328564,98.15203085445302,-36.13403667377144,18.397516453763885,15.468630721531412
-182.96614008096068,-47.70408775765391,94.23319834751419,-12.914635271220035,63.091342546227
89.52610220316522,78.09620251578713,34.549345563894036,66.88787175686423,68.3434779405749
128.6292163993922,74.1725472503768,3.6675578269756812,-59.22477948658273,8.445792503273225
10.074634210664415,43.58421984770612,-43.018409463007636,-35.009970974637426,40.0276087848315
-6.876981568850333,-40.04140787288475,-48.13239792342476,-29.002073136928416,-63.612356293964446
-285.3141898205174,-81.9328660189372,50.16643244337325,-26.99210057008972,72.6707992760443
-61.077003008501016,-81.01373940106586,22.215556884450493,78.44710963416779,-53.836436133361644
-207.81183642099197,-16.622184169896087,15.797604792315,-89.69704772842069,95.64260015876971
-153.54753456372072,-23.674635484426545,-16.509949584321703,-28.791574750777713,57.69855304384396
232.29604252879577,52.99744294608951,-18.932166327690766,42.66447117646587,-70.86333741479348
-351.9923775227485,-95.69931225852632,29.626616258089058,-44.35017061621238,90.21972066652052
16.364717386738533,33.78808245460826,33.4277005708247,-5.250965763709274,40.14726949303031
-20.25236036952262,2.659843777011119,-52.80871782528116,-30.674790346133648,2.476711196328395
-78.35057399254326,2.4883851659542273,-22.50641109779056,12.2084307078171,52.95668716224219
-113.77724907018852,-55.66448323618862,-15.79612872113421,79.60306786725221,9.609959255893315
15.029325632690801,36.35624957534432,-98.63215294324222,64.80415235231698,38.450884144873754
-79.80867500869775,-39.71255893144945,77.98716079714796,-2.2643714698757265,8.003329433367682
-265.589101561627,-50.874280759943645,-71.35485127834744,-94.42664829763594,71.07827832099986
-81.21408271598027,-25.319700526812383,-93.9975638042905,81.5968741241386,19.42129617724457
-159.89905489930175,-40.002605418183194,-46.89444573269459,-15.726311755014734,37.60206794094597
144.3273839281255,75.5273451644295,47.63639886409726,-54.37609901640001,8.009709884511821
-201.25401112261343,-39.15949715972273,-34.94216985379006,47.0256438351457,79.00739635408783
25.973797703090263,72.00259734241283,41.54721176806095,6.724867068966873,90.36460563648455
313.6261147986856,70.6120231411357,67.0126471812107,-17.589844590444727,-97.4127334216011
89.68751343267004,80.43336998749763,-80.95025861498769,24.033687072209986,45.965230357889396
93.80161770664502,48.87952546649706,18.540777551305027,-1.1054434414746481,9.82774883794238
43.40717410768401,-57.984067713718886,-14.787764989678976,67.50078317113383,-96.66366684502765
-206.09994540464302,-60.90012831739402,49.219193702334394,5.846939264292644,56.980992059591046
-312.28738881827235,-80.72385186731421,66.83722608341486,-30.257265907615533,93.18494272614112
-116.84555431138219,13.028193981649622,39.50419718679632,-74.79356313177936,84.42143957050254
180.51196785316966,50.17170532897296,67.31042172049112,-73.71855040307318,-51.265989362426325
30.6035517978219,-14.541793020544873,85.15463386412739,-88.58966795270737,-44.19078146664768
-132.81812962369216,-90.10770540317243,-79.00243873010268,-59.23620716353663,-62.20773835334277
-113.30254184055978,-65.58434941809324,75.93006297679855,80.15730075356475,9.634624471908708
205.23729247292187,36.68371186241407,-48.22606222871111,94.80304051641522,-70.00113034084671
-259.38818707619873,-48.562690334081914,38.94444240175713,-29.046739696413823,99.72473481063349
104.69805018929914,-25.765704212912595,49.631647464419956,-24.226517100602734,-99.93335122785413
-25.42464491607994,-65.55317340821871,-65.1915944099573,20.33580369114189,-80.18368189877394
-57.42725038284634,46.26723796103357,-46.940788045177605,-87.35793215072711,76.37845207550845
-195.46239061819668,-96.96591592134966,73.96060319718256,44.662234238706105,11.438004107178699
-5.58956291041634,16.84125059826033,64.62684706940192,-97.92991891724753,17.073492940110185
-51.70315572717427,-41.55886097497028,83.91823907061868,-4.330692350678845,-12.475538857212285
-76.49931429521158,0.8390419147832944,11.555726753327505,-65.87341504858115,38.90497369781082
34.109927984029724,-28.79700439789761,-28.5762778937075,42.756603787064165,-57.796476009154716
-205.3569252153223,-68.22987478137073,35.151521931941915,-18.605592741468357,39.1620120827607
-74.47854277263404,21.16355991670305,4.186226961528419,15.205348198985916,80.81624174117377
-110.02810417888989,11.069926091854597,41.58685875283308,-76.37291302871192,77.04854477835013
163.99170060785687,22.96026593072982,-23.734362925983902,34.517482339141424,-70.36036926116901
56.2575878394538,-25.61879865028351,76.35819189178505,-48.30044512224474,-69.71823023201667
247.2924379614877,94.67218698809432,63.836042582784614,-9.528013427606268,-20.56892308923159
-308.71624459469075,-96.03180703618841,-24.974151159348295,-54.43198818815811,51.63701106764972
164.90568310273036,78.79320265274748,-77.22101122565606,14.422713093938128,-5.7835327145260464
-74.38145270856808,-92.04635795752579,41.676183026477105,53.55923172522853,-62.57627979142191
-80.81539679332292,21.931117340139792,-26.018683252839338,-76.63179343907171,63.240626510056984
104.26656063960924,-2.4903054376074465,-10.399411979673062,4.753186968673347,-70.79720542219565
-346.8889010470396,-84.57523864988474,-44.6956976194292,-61.92581258323049,87.02170035385691
-69.33314531055288,21.306049353393547,33.99119408815906,65.56113420605163,92.22039761259359
-242.64570563524856,-50.22201178701899,-24.624706002226432,-29.79502457802991,77.18594861367842
-163.69091377153867,-33.67882681775379,27.184197565572845,-43.464692385993374,54.45898550187658
248.70191763978013,60.27616587795504,-21.391037444999455,36.06798112722069,-72.48658201346407
-301.4838273368772,-78.54579646473621,-26.671433318533502,26.978287217246105,86.54639731441571
98.16780723531166,95.86242220981745,44.42982223771122,-34.47343561253034,69.37701093049625
54.27929506029933,7.86953200510203,17.531999052028496,-13.354119070455369,-24.31255353177704
209.89539038686127,68.33471498563623,-14.935668836455207,-78.18129810862023,-57.98550433405947
-190.86338233313728,-81.42153839170128,94.11244039879446,-69.040076542964,11.205585501754896
-63.509021829826494,-4.76773911244149,97.08298470642748,92.91347825674478,67.12131414720025
139.45918918501482,21.121345958946975,-90.6989025431173,29.267204017011238,-68.43379628414101
-63.56593554784478,-6.745350282083081,6.149713417229449,-45.1898354298186,23.486988168948102
288.9707843736932,78.52862603207646,-70.57158651795233,-4.655649506782439,-88.7264533896092
-101.59107363974283,-13.572319915757873,31.693556613296664,-89.04348234932857,34.090397499469844
61.16910361702562,86.87480409487301,-41.80857241969713,59.109391042967474,86.10141595712076
49.010172683267164,17.30905934175304,80.89056422434007,48.99265227134114,13.982717447536302
255.2231242679805,84.82409263381336,-96.50136789071635,41.55112164302838,-53.025266451169585
17.854037169025638,-17.624435704948738,36.25629203968268,-24.475552083782688,-34.950309565738394
68.28769937071091,-13.669943659549915,-66.49271879227167,-40.91954111410596,-80.71592967767316
54.00499178168326,-14.258341269298057,48.11056849213446,-44.428087368816605,-55.87767981373079
95.39035553431219,4.3856974433075635,-14.56033172752609,-26.076817542332023,-62.263340128085474
-115.26025743812092,-44.30134988649823,-64.37534626985413,39.405894026190936,10.746029346496556
82.58003683473031,92.28173296923467,-97.16397354732742,13.0215193782103,61.943831430084515
-80.10168943757277,-88.46169482161044,-16.529543773601148,-25.081660345327435,-78.28608524446128
131.62629476802243,-15.663413163953209,58.078468274306516,16.608365156859904,-94.24617854960482
59.23594187602786,23.639210388891343,-28.792413750528013,81.06565819730429,6.480226220686049
-289.06310399429736,-78.77907851753854,11.469804252213407,70.5575617867693,92.7317380873314
-99.16398991250574,-93.44740074904048,-58.51168805277895,-58.33262940407078,-85.1998891412679
-191.90119418109202,-79.69461016863994,37.62252516386559,10.942796346447665,21.25660543860066
-37.92615998918401,-70.22709617211066,95.13326913593502,21.348612868554,-53.97278506156642
-169.80868905872285,-25.356419549922094,66.64446153515516,-25.987620351453387,78.89898843396557
-149.23035469678925,0.9293906930562486,-78.13685167949826,-60.94400100766788,73.41175087646695
72.19492157490107,-3.2404681690304926,-76.6528984513501,91.28758874700029,-44.57927037164722
40.75093535554061,22.58209490953304,23.992782011203957,7.9785393581686606,10.34572659450967
119.75500191678348,-15.379477291564882,-77.53617040495509,55.358329407098125,-98.67801975010393
87.18455221021114,-28.61850751628134,39.04158167422969,-28.942066512788458,-95.61764489697518
129.52613437550434,53.79887422539241,-81.36211949279486,-96.13803139765255,-39.86545568094162
-224.06145234310415,-79.70488135322157,-95.71431989979698,92.00725772357077,37.63450571825905
107.25666011394443,57.25493175176018,-55.949461000450285,-38.350827801023435,-5.783739559547627
65.2434022261064,83.76030158781015,46.310700706967026,-34.67955812583881,73.94341647791961
60.9216190530278,1.3137060666280576,-61.38747639273914,24.910495380731263,-41.60061862520881
59.581929001684934,22.8879032891937,-3.1694226842913196,4.518694686516682,-6.396824849272775
136.09677244441673,95.40699077381862,22.40645597366975,22.774333066680484,51.740373995416235
186.76900618470108,29.411339412823736,19.756409276500662,-41.51133130884308,-84.62646193264311
151.04970227707832,53.775550232165784,-19.425414180925472,91.44608572163565,-8.072534897227087
-16.328905050159733,42.40245236877672,-57.862679454853684,44.00935876662072,68.96888607172417
262.9309224598461,57.16587489611217,17.274688923455358,-25.02206453291565,-92.22484872176693
11.43498892034205,77.5610853096575,-76.95206517151716,44.368289348126694,96.79763560395585
-105.6807225808548,-89.98623482624741,-94.48118869471416,-10.087578727160306,-72.50247630896887
17.53516381292427,18.327583860109044,26.07835431637517,29.501025371114338,23.56445444967845
246.067041145528,70.01232271495365,-45.539657822749156,95.781010270032,-49.302117935107304
-152.62618908799206,-52.26878797847496,16.569666756025825,-39.653972339215706,20.618403573834925
98.75933074779444,25.704335152396382,81.52771736297655,-3.203655480598485,-16.508260494315394
67.86998969064646,29.522512506000908,-31.864115303213254,-63.280012673551056,-20.168942957701375
93.50465937386338,-9.181022642456,14.648327099692722,52.157866631787726,-60.58728800891515
-254.39584393301124,-63.83698595868515,43.56536775463499,-85.3230213551821,65.12484580910765
57.703330980482335,40.9160125933775,-8.306098291503261,31.639772539708474,24.58132317576836
297.26686999407946,90.44004368123248,78.64660141674827,90.47439732846328,-36.40738725129358
-125.26765873905555,-85.00063304544236,74.06451499758231,-89.22098737534176,-43.161963833200836
52.74775169389724,41.6515063094939,-34.83179749657326,-88.85178350241551,0.5723794649823617
-252.5083901438886,-85.67023698786069,59.146809396943354,-68.85150505109743,39.54827157160997
80.12334658513429,16.909455487683417,-29.94481785808965,-14.594140571567664,-35.28254286099117
12.569710151620276,12.882449045313152,-76.1222175409983,78.99907894708338,13.694684200317653
87.61810988510824,90.10828455100713,-71.65283963407879,-77.48563945991556,42.251875599361824
110.25639879692747,50.43571107282142,-63.5880042554128,80.77147795623137,4.898791798904838
-97.92318656611451,-57.34700646822737,-32.205201689001626,20.767777142867942,-16.687133432035495
39.52678321147432,-9.017722164814074,69.53907132408429,41.549196104276746,-19.190351086697248
-118.93514385840555,-46.54141180480622,85.50013188151019,93.53772851725373,43.33493889290517
-297.00759820358957,-75.37240462243757,23.902617687445343,23.162244762877208,94.9209996085929
-16.749518762536617,37.793335831295934,-76.84818202347184,-89.08182795892357,34.01445010521243
-268.2968242347554,-63.94472870716821,-44.172340593122186,-32.57322341065354,70.82548090946608
-50.667134924493595,45.19268467115026,-2.20416737647588,14.425304979283098,97.65557079427384
-254.5886560510734,-64.82529740615936,51.41472275104371,-91.95654757089464,63.93151102657876
15.607902958560874,19.641691136070065,-31.771329779519107,-37.43474499713593,5.100752639086451
169.56976797837106,9.44860334680817,14.131819786020145,79.43082663562319,-78.41216861155395
3.4085220695048486,31.159883970127623,6.106207875041775,-25.32723397392938,36.92489160300818
56.61983048651046,58.409205679800266,-65.54274827710857,46.97063650344347,43.71402672838062
-75.38277946039219,15.662917143948135,44.09490033840669,90.89750244509236,94.6458490922634
-268.7497793295368,-61.003502362769034,-83.68726345099535,96.12735259995478,94.62793695967426
141.99485681446274,94.50243140599949,53.08839415363721,-28.50568147849279,41.835714389520916
-14.16378863219478,19.977054233830287,-6.911652369671728,60.80557735940678,47.76090243150355
22.882184275658627,-45.84406867884494,37.69941036804363,64.78341408283802,-59.37619615188736
-46.94591515505139,15.269475614691103,62.69338058494921,-73.73369305764226,46.47173475457248
121.32578804129356,12.334663471269877,-7.990969678972874,7.46210474680116,-60.998797044185935
10.517155938309894,-25.505643391783295,-12.512526194140335,66.92221530909904,-30.74554568263001
-241.22557057945042,-74.57072856850581,95.06191092639415,98.98543467626334,86.04127093815069
123.73963880585774,99.12625517928129,-14.108861088285124,-28.100600312508362,49.40500385153857
81.671141706262,86.23269997863488,-32.86621502524348,-96.30638390962534,42.92770613492428
-105.5833337081679,-39.01129922765338,76.28688669240833,76.31646867358788,40.35612768433691
86.75290479010292,97.46544282114496,-4.401276294524209,-91.64455926024664,59.81842217231667
-256.2033295688407,-76.22726241953424,19.131355936417947,-82.0911398756517,46.17634028907901
233.48878039595547,57.92501271643508,-2.890441934092337,9.544437701640746,-68.79063560267515
-0.08405027976611068,8.037951553828961,69.4957548573326,-9.410768064852988,19.525543427264907
33.67338241733046,53.694056303372065,-38.946060483394085,83.66194474995552,62.902464372147364
126.58718415495082,38.97779858738778,-17.468515747137687,-68.56187829962496,-43.715525547661606
258.62458013409605,88.56487770267509,5.008314892282925,43.99995253269404,-34.84861861589326
-148.63554667976175,-66.03003498569772,22.173519251222288,32.609010063424364,13.96107345624796
234.7844574913339,35.267610482120745,-86.76277792643457,91.35970292057195,-97.13982461432738
-62.51755852103171,-13.742445790085412,76.10140674467806,-51.362568263916344,22.670484780523537
66.51060549235241,-40.2239038414228,80.16761434836152,68.22490059460446,-72.6450346259897
107.17518401561337,41.68491867491744,8.86566170660339,-48.81416810116581,-19.9050969158898
12.344104248613801,52.54831124155669,57.249458048831826,-35.63056309814212,66.31378494608197
-79.4331043542309,-51.23822752126814,7.584510186144826,49.720651882659695,-9.001458837530521
-0.3912178176308668,16.578608325797944,73.70875229355198,-24.813722275843404,29.459614770887043
221.61270379616712,87.75298649914009,-55.98224402663152,-73.94603405287816,-44.11973620101391
160.49047657469993,52.08059713163519,-34.37531323148096,25.25635321606417,-31.640951620775
-55.83386097992251,26.531359065202878,10.446206316060497,32.31297059922494,80.48067919560384
-106.83299038427766,-79.00107286447655,48.04071742422599,-88.54392254844943,-50.336412991598635
161.8169817629148,82.36927242221569,45.63307623267613,-39.01994034686942,8.877091056412382
212.5162109024412,95.05244517394559,75.38814557333612,-39.4462192603904,-1.904019209343872
80.68782065601495,-28.312900721903645,3.702004796080516,-22.765495321405396,-95.08489854244051
130.35495017434275,22.139614673017903,-22.53751833893108,-61.32297806744085,-68.42635113794478
-77.85160195737073,20.034853148764412,-74.71278755419937,15.641969807557302,69.83088170510655
-146.6143755254048,-87.09068402097148,45.81109360979531,-17.44116703577636,-22.509791352470515
-126.97452831872982,-87.93862316018199,-92.34456386297182,81.15132030750115,-37.6533884064082
-214.84780751106976,-59.18819131950359,78.74058312791013,35.53972930914844,75.25641662917403
-182.6063749619816,-16.999582526853942,-5.4442544080151265,-95.8375540711506,74.05102994285915
-326.5350205380001,-80.71287718552526,13.377672110448316,-35.04991057057987,93.41080251068632
-83.33853620670331,40.24560693383472,-72.7513032229033,-10.857710928535468,96.31152540811016
-254.41034440925307,-44.55968018432805,-26.915741942440945,-87.50626563061341,80.49026385942523
87.97221415745358,65.78250425644791,91.89232545608493,-56.2697565116274,37.254928742887415
-19.173565028468513,30.655125995554357,-59.51526340339326,97.61421154318387,64.76387966400881
-46.72870423171114,-17.649627379555284,56.60717094354101,72.62485518194606,28.186564693963987
-37.57542855565207,-32.36438462316204,-90.00503469562358,32.55672703630415,-27.46804613464778
40.76716386739253,81.13550420660141,-93.840570107068,32.400419055956604,77.81660197182049
110.44447837698479,69.03966394427084,56.48346150640023,54.94475906694382,43.722636234594546
-53.56040147196107,-1.3554470389083946,-70.94751354738537,-11.708579630307497,19.596943616489582
141.119299876657,73.4684209006428,94.98530081646601,16.808547652457207,28.004052406256505
-386.57657227406634,-96.62601903484887,-98.33522745370917,-18.268647923660367,96.53374167248188
31.160431754941868,65.01420328142356,40.26713104471176,94.32453857581262,94.47113671103051
210.7039770123336,52.59813105610215,27.080239513300853,40.224583110905684,-51.1338143173397
-74.72030753619498,-1.0050479903036944,-9.988081217326013,91.45896346286406,63.39752502581794
-162.02211407397002,-84.53419570986078,-49.71709109319604,97.08627253591385,-0.8818344191181069
114.02009301944224,8.377052276591073,-61.63091681015844,-29.66921531953834,-77.01350979961802
25.490762402211598,65.98471865561405,-77.13669029735537,-91.38680011476939,44.920192074765396
-47.50259946687663,33.23837480221451,-19.274122896874673,-29.634217929685576,67.73551383359506
-94.66966206880413,-37.93106114390659,0.963433874077964,-94.16382827786059,-9.857027493605727
-327.13293741586614,-81.79880270695601,-48.4095334279562,3.942968368679246,90.81492161659958
153.0672375932876,82.70263330361348,-9.550213660181143,43.82005209960187,22.821048429370293
243.85487604563266,78.9422424003173,72.12180165887997,1.100484633131373,-36.63069470429308
-72.27990467367665,26.19705313246628,12.945640144736032,-85.22549221330885,67.75767546851458
-21.81300333962661,51.92638586327993,-84.92262206473052,-20.817019749390568,68.67599134300525
-223.78218688211422,-65.63099462844127,30.998255610351322,-8.318289047663626,56.592901202818894
161.80520292488183,41.613047327481354,-26.40505730075988,42.06356967306019,-42.16158594618058
-122.52151046856413,-72.86407240879826,-34.55231338211411,87.57904306967563,-9.890867249473303
197.06900217096967,30.802482493250068,-27.878298254941996,92.89935369156234,-70.38205498289256
-286.96981508150964,-79.16985240737131,76.18919949269514,-25.026554078197606,81.80517982854388
269.550964518063,40.84122538511343,62.015422777632836,78.20260010978495,-92.11619926785922
222.2274848371226,74.60974847306608,85.42244814105698,-33.70824016151947,-33.73773688204653
-166.0869961572959,-83.02340966540413,-77.27189151078531,-53.74494274547907,-30.292531919750715
-277.5219934652107,-87.95509289972003,-13.800485845268355,21.808849022357577,59.1109939096099
-91.98016689213179,-39.541049450852285,-88.74534872107614,-76.2505956218802,-23.704557531702548
-75.0174869961036,-50.07868601875296,91.22571501874262,74.79949600728045,7.788155507412583
25.398820112478077,-12.454322116543779,-89.11563176598101,13.50171012255214,-44.421045477712596
-9.27301091927414,-38.51132935370109,-20.067743914503794,63.54220285397477,-37.58674299943825
73.9639574349495,21.571782717586856,60.24433499085424,21.530113106958296,-4.275914015674445
119.16117150867059,64.43434634876976,68.47361840293368,-20.354624108938893,18.641840033183968
216.94061879317013,56.05820023723871,85.34321709407436,-71.91543380096299,-63.35943485792068
86.74738874578632,-14.021694050435201,-14.259803630020556,-92.50899174631328,-95.20464919986009
-220.61022457240531,-36.91004737397241,-28.104965264723077,-77.09986501534482,71.2234462919127
137.36059232535624,54.350643555690596,-63.56596652146849,1.8424529372496323,-22.714365275441978
5.785481656221913,-29.294688692550494,45.821761769135605,-50.93520905325937,-47.216607074528724
-327.8312481020393,-99.01700645681835,-17.16514323111693,-35.14291060521401,64.40597971120937
156.39845850319895,40.69369851273308,5.9945360513465005,-85.84239282888073,-60.286078088459675
256.3013069934655,57.13884534740242,-6.997523798767347,-21.77238392355798,-91.10125721259313
-179.18585545757364,-67.87177372226688,-25.109030372207485,34.0954678627414,24.417645074540744
-103.66919294984801,11.181200327140672,81.40749516674171,-25.774435999936784,89.38007675798866
116.52631017158399,-7.402600103031716,2.3684471401658413,82.53306686574518,-68.3410478680238
49.06288689251071,99.93605893398376,-56.07069175101971,-65.60226068321089,85.25481339494482
17.572012768248932,-43.507115229167084,-53.13639385166802,-5.638339773666701,-80.2374496132012
82.56101260588558,20.87326755417729,-10.126594933681929,-62.101113011855034,-38.26081952217246
-92.98396301714877,-30.547959387334345,68.62815079800973,61.55067681370144,39.93761519316243
-283.3361587920248,-98.37169737259622,27.345770834750354,-34.25901947940508,43.47848413778166
-44.249897981543285,32.393293299909345,29.641575159488696,71.67197737038197,91.60713939000814
111.04133257416704,4.564835262196397,95.12796216566892,81.07338624324336,-34.848312530444375
176.58989535871646,79.8192205707469,-69.47346402588337,-98.02490644161514,-33.133204723221766
-129.26218538696486,5.1661966495002645,-2.270229854247191,-21.026882223709237,86.01188037878273
-53.00636947580751,22.201015161859814,23.8488343967377,83.93829123764246,84.63874664446809
244.84179629854643,33.02671950598477,69.16004930907232,55.7387811770586,-90.64501580903482
-64.05259032711628,-7.9460531392132765,83.68760085897756,50.75099028192139,52.83230979610806
155.52442813100444,31.80126170566203,90.07021251417493,58.36241208610298,-31.302550914117518
131.33412994610825,-22.341135436496813,93.09134621058152,24.116363480064408,-96.24369008679687
-50.85411676310947,5.052346690135906,-7.762284834443207,-36.58220053737185,31.17258906156971
-162.128818596726,-8.326585479381762,-38.61033102848543,-87.08584601134315,69.54235566683343
-111.05464927604008,-8.648137516279746,79.98791808888441,93.92300712897764,90.04728917065265
45.33766003351639,96.14877656430917,-79.2322698469055,-67.15815296078544,78.11810995243863
70.35203937769785,16.902604435574546,46.045790726759265,65.33564682654963,-2.0635386027157807
-108.7168559603622,-17.64746303144156,31.75438903329649,-8.851670966009266,48.580058652799124
-8.583085339130578,-46.66130759540326,90.48870161094001,55.729981504502774,-34.171341809178756
242.78198993982932,83.85646773773325,3.552276915500258,-71.51481992185553,-53.590952109143466
-49.98643748394796,-46.49833300605215,-96.70779760298338,-51.81370892482453,-57.06303778047699
260.91564900534956,44.48219182487182,-34.06864171800868,86.83755120633577,-94.09469652330793
-133.10160353630394,16.45722234199954,-63.15109277438362,-41.822307835321105,90.69221724010919
-89.95465994617531,-75.6067355204839,-75.27812239072034,-67.377906190717,-70.90495651917695
175.3165976790436,50.972363319179294,-58.574941884814265,-56.87042714544746,-62.21023959511287
-52.434141884150044,-95.97865865150379,69.53579998627092,45.843872283094385,-79.37856435705682
-101.8263801971314,-70.04326775850909,-43.655361377573,-28.37238060771314,-43.17705370559401
-197.68091032395554,-34.37017533959845,-39.13774382499624,82.41517571638656,89.87599320673979
120.62093739944609,19.105668522618345,-34.374262894254244,5.176283480680112,-55.23500779586041
254.57047233720866,97.86933779547468,3.3475274125227372,-98.87567095655206,-47.34508692942161
-306.7526502343706,-78.59982166081541,69.70468816286589,-62.544426994494515,86.57955351010395
31.44190291188059,-41.74558910255206,-4.043917926848152,-49.5829656782375,-88.09182763923783
55.86987748910681,3.8531246370459655,10.3865477950837,71.68395188253575,-14.710342112374164
-24.548589214690846,33.46054668289901,-57.064147166494905,-85.82786524920616,36.55417353199937
107.38959417753858,18.086066055859206,1.7725981524947514,-29.182500766694346,-49.80970363820552
-188.1028820630492,-8.640605336074941,-60.45450711857227,-97.07319864182998,80.93485275050662
-155.1417004729023,-62.206479859149574,16.36834095378579,7.854178374014381,17.752801924669768
-29.23680397362699,8.07977616439419,-9.544024463961478,-60.088835318352274,16.45669987163234
-148.1531256770691,-14.991837740589403,-73.71377039846169,63.35371565264563,76.18497863381228
17.03458240656389,-69.17504625079252,-45.01523933811693,90.53534762101768,-95.15873210113463
-223.6709796030552,-66.13589051046822,-1.209011375104879,-26.820806332250612,47.11007136838964
49.87733267740508,49.553125260297804,68.06163282624027,29.98574647123553,52.14752120412089
225.88414531163156,94.49163971321829,42.17560245809929,-1.1459320781292348,-8.460788421247798
103.98234626750788,59.14985579658031,13.354412737323258,76.83743702647826,31.58839369233104
198.711116013405,13.182587162887998,-3.7318838231638125,53.03506884013032,-99.87520432589191
-39.40949794896725,-44.67754162998852,17.012066591134058,-72.56192025189105,-48.12986515609092
16.385183126696912,-20.420498584416464,-21.264111997983264,-22.501891989888904,-46.10893734103661
-92.72281500221851,-70.4995810052064,-40.15473063423825,56.81124627241121,-32.2957975571162
218.1124812548935,58.31836810138455,-24.789249869781727,95.46279083847475,-44.396936418239584
32.68534004283503,71.40245009903097,-63.942327996225586,51.60911345304882,78.2539034156762
-17.251056421249437,51.33862533906196,-87.60165128635961,12.714790257568367,71.45571566425744
0.7413192482260587,42.52015466727329,-27.14484847210481,85.81297135374973,71.23394644576604
-124.42757215165479,-97.67127479283415,5.093648950278265,26.93961832054714,-48.89144771433116
127.85989439169026,67.77271064208063,-76.15889305551082,-82.09558748290388,-16.086769956667666
-231.63283526677742,-57.41009262046279,-50.79521868693584,-86.59732230450585,44.67564598674994
7.8131010828082275,0.42554508072740305,-51.526285667329354,79.04193149697409,3.336934766485868
-0.22358933447567275,63.8986891487304,44.17412937436583,-42.726171055378416,86.23710417164446
-60.14005876733212,-16.094084409833272,13.057436895601924,41.97562633233389,26.351444126563877
102.40500307420581,2.529567235792257,80.95410802012847,78.0398245319519,-35.07447151061676
-100.23201678982338,-33.10364092300205,-61.81270715463525,-1.1842842190060878,9.07236180114677
-303.4717006272797,-62.855214080341156,-12.39065982173237,-36.282309516299534,99.61058231665365
-49.73344597091232,-5.875192361428077,61.6324156099231,90.86291262162715,50.81700188597708
65.68541054105714,60.30741833172999,1.6028432718330805,-87.87176861635615,24.216999631215216
-165.43066263609546,-70.82995228340847,99.5098193305142,-19.582602368268056,19.900247770204643
40.473783846617835,-10.322625621298798,-25.93067202683592,94.94409153474743,-25.605185228477694
-93.76858671545698,-34.84854072496934,-20.36124686301062,-13.947908793309367,6.215965298452275
76.34802283263704,-2.7560758594133716,37.316115283247825,-88.9880991270753,-64.58926219365617
9.769163701680514,28.91388293445678,36.622986619193824,-99.11833478667707,19.931050377577293
184.4799207887169,44.58051898946408,19.028021891643405,73.04765527624315,-40.11367253737046
6.057196249277529,-36.10703194817939,-67.86330133101954,-45.531191826643976,-72.69980380438184
146.8720620093924,69.01600574301241,-95.34245427848198,-60.10957772638144,-25.112412393600536
68.89906006181182,-24.135290453371596,58.464760574536456,-87.4581005343622,-85.93290061730212
-314.2812495235188,-78.9335631194433,-78.03069638141264,62.69349828523701,93.66459035468074
-177.51291399269846,-87.74655101890482,-49.324202563239105,85.4979706437378,2.666932988682305
-121.14038201330642,-34.60341519050776,62.130748881944044,91.29770476638711,57.29074027308991
-334.8315110280945,-90.97269886148472,-15.75785925675494,2.742769874841528,87.95962417924906
210.06000926739466,70.23538933726587,72.14631341427324,-11.193778595545425,-29.28155819519371
84.18500137695698,-5.976962141156619,-25.538850069397228,-90.26787390961586,-83.90669561238062
178.9485724396398,89.09020947856871,53.80312503830311,62.16218261969124,27.94219098830783
147.99822399464344,95.48696402251201,-7.922287805246114,66.59208746970324,48.428895821449004
170.25039047508153,19.572919526749615,7.162020645844208,28.263822354167587,-76.00192991822024
239.39294278073575,87.81169163046252,-2.5447839107342958,24.607192486289946,-27.920010002757834
40.51371113104231,64.70045700154762,-37.797383380841154,97.05389548045994,76.87092095726729
-141.6589582255093,25.805438182307228,-91.53762056815332,-77.77374036899593,97.55520173256343
280.41311033819926,91.273726155748,-95.0657481267367,-29.665834962759718,-74.31359933170123
-128.29972019723704,-11.897669248224133,-78.84673803881057,-1.3943886863237367,53.760060524860364
185.39120453010275,41.1180078599686,63.608658763335995,95.87359630548784,-34.27975478328811
167.81291462838615,84.85300642515767,-3.1427958460381547,-57.71474234120741,-2.3319609172406786
286.21637739176987,97.43461011388729,25.62285787579046,-1.349379863379724,-46.00380296059352
-33.56740896153829,-79.6582175892697,-90.40192692882252,69.9787940054569,-88.0856170169775
-177.1840841194447,-45.69484097824898,-55.52073228496184,24.16280614203876,47.13481583149846
-274.84805507733836,-93.30866267597958,-64.26215426944006,-62.40869097457926,25.885198780492118
-223.63544532591763,-38.34454323052079,-63.67769221689827,-30.717457314842235,74.90495316513486
148.33854990907287,84.03036606390637,-31.5036911950219,-33.526774531846854,9.581986958473038
79.87847623290419,89.01001071012001,30.652341085834138,-97.62914756798067,56.814763835426646
232.203293508593,85.05837730371815,26.696884222724776,-43.49834662372096,-36.4837920870323
148.7566151892385,13.860791508942327,84.82912409262622,4.595598622285564,-62.64604185270044
240.320005765195,82.59020653777839,-34.87440443985628,-98.90174604059807,-65.38150808328578
215.31868456548128,50.66069870263766,73.84437024860381,97.2192633539876,-38.09316912389302
-90.4781172720932,-10.80989211254257,-63.16382066686297,-25.03218228445465,28.879077531045056
144.6059132429915,65.56427642944203,89.27258567403018,-53.34360460471039,0.16962370759598855
204.03085599530178,58.06419417344654,10.284375411156944,98.84101253326978,-29.70810932529797
134.43542479393722,45.29786914012749,75.6208919534204,-38.46555690067947,-20.355000745823617
24.417908114848935,-44.07358962283894,-10.810266747959616,-70.6157880500416,-92.24535426689322
35.4368039308619,17.691162086676073,-10.886399263247213,-54.508838321116635,-10.823752237519699
-212.97793302781355,-34.05537475613585,-75.70751732315856,-40.50869887417343,70.4634241222397
11.164222036533877,-31.589350145580198,-82.08846325143477,3.6072648701494643,-62.53491092254097
-16.860984109936577,-33.85899818518678,-44.53526643205059,10.668224580981274,-40.49104376931798
-68.02840729847242,-92.09195019318534,22.367138050460824,-53.163521846213136,-90.73748002317592
-21.948445388643673,-17.318951961882362,-2.5474401438512473,84.57315664501206,6.556044842174288
-38.09896873722013,-54.885773340130854,44.68265208562167,52.2613415397189,-34.01491378725862
-204.55783329793508,-61.68015777998082,79.02301039402394,-81.19145744938577,42.33929114111095
-304.779242520086,-69.73856659274193,3.1232240097611026,-29.59577198191596,94.5083689558088
-39.049115625611,-64.54738364684454,74.83831704595335,-89.20692411114703,-70.10592484257081
24.820839358427094,-38.08309763439488,92.23798339098684,69.44598874609204,-40.683315375771926
233.45963214474335,82.83914413074592,-59.00650510934149,38.53338841787789,-37.24787350768204
315.2056315563888,93.15250786863737,49.00321322989839,-4.09453687836357,-67.6825145485792
-30.48369297988759,-1.7592537463001463,-46.80870594236761,59.395446797703045,21.799252372330443
-295.99062619702903,-69.39028087829335,-38.5853795943355,-0.05929213816182255,88.92544704976021
-240.438942269694,-50.18924418012374,17.87600186949207,-68.90319152458434,74.57951265530264
79.03753386630184,-12.68924128820943,31.822276934912708,-48.692227634720965,-73.23351977005109
111.9740029962267,27.0019611302383,90.73198608136443,-2.484133033822687,-21.71935117733186
-98.04499067529231,-54.14957988550522,58.93272569784099,-8.955696278074711,-4.442157006243576
86.89868750282493,31.810227192699898,28.642669843828827,63.90239407730266,4.780912615652582
-15.074936852923855,-5.845059306563556,79.12969481811959,-5.973754571810147,12.24381742308421
-36.234664191942784,-76.25198470217727,-43.408433789488086,34.10752672833911,-81.57384496819151
33.69338507682088,33.17561952865077,86.94604222062503,48.10139663768416,46.555815711437305
-153.2969755391357,-90.42824775448287,-80.33010262029575,-64.91838841303093,-51.054665464609485
103.18265907500972,1.317079470208185,-39.08150676950335,-63.61669941701336,-83.1037549539841
7.356683391703817,-57.05612687590047,-66.70733082103871,-31.62552612772896,-99.97081655289858
-279.6058296614495,-65.95177965397181,58.99738260554406,-88.82702355304934,80.00741709136858
50.704120905472806,36.89726900090545,66.79675624374744,2.7151090616531945,29.119095092679288
-81.24987187853142,-52.67686103814302,99.41792941540615,-41.614529535367794,-13.938926855898586
-181.3022587110933,-96.89090181321475,50.32960980115524,28.87319168746251,-3.961989534888872
51.906047685145786,60.369949674833805,49.139121773193125,47.66022108293504,66.41786788886265
286.6874353226102,53.569013872117864,0.652223753470011,79.73608115262888,-94.70937098749881
-121.66857338016897,9.95704991492758,78.79584547044277,-97.29492694892161,84.83082983148677
-294.43754853866056,-89.28967312785123,-43.912671431099405,0.6644193961460729,59.76646034730962
-323.1827493902214,-97.65746401651127,92.05006875875787,59.833286988732794,98.43971246788604
-131.56502622735192,-92.96940565022031,-78.58238687919359,-34.904044040935005,-62.365561434212836
110.30886068024591,46.92300220154746,-70.73411912666221,-13.224308227890333,-19.529417386238606
-303.3255686859307,-89.97964872370233,92.44661258074319,-79.4864098502682,69.1879353522703
65.99631130948949,6.672204785718861,-85.12492324026665,-48.922854027846086,-55.748633136646376
-206.3302696934992,-80.35130979780081,64.83998990334007,-1.7694225270430906,31.09746683180751
13.032135699191587,-5.238568714061259,-78.28650168450642,-56.75450140396179,-38.6332444329216
10.95053601554911,13.904383925139115,-82.91157456766996,98.9225713088718,18.95672653715536
-74.96347780758825,-88.61664678568097,81.45914621026822,7.657515412499976,-60.26943611826412
-125.65523801198475,-12.469944356751284,-49.99871390437116,57.0112332623294,67.48092087979657
179.6063215671519,48.78495337565718,-83.02533281276962,1.224115172268057,-60.34432001342329
50.867614899587636,-47.7449517330514,-21.041381606900387,27.24297675140987,-96.41540580141405
-31.351721914221503,18.447577694889432,49.3550975815383,-50.70401726758704,42.86578526499824
225.8221464476862,50.72653996003271,12.702841706034107,76.65283462856164,-58.162241762611444
-200.75497406112146,-34.30104345575391,0.8910225751264562,-9.290930754549748,80.03526612685826
247.011751307414,46.48465523710402,42.385390589300414,-59.26138295225209,-99.88916869808139
-310.8314506452207,-72.06963003212311,42.14461388461365,-76.64223216752325,91.7410745548807
-73.14283687734343,36.40079845435736,-40.95752209197578,-76.6937207264574,75.99941058009506
219.28374744095575,63.543432167617,98.26036452043553,-55.38432888643714,-49.08716718811714
-71.73303578210614,-7.173756424335025,-62.730183866252574,-7.438630791236164,25.425442040243595
-101.30047893305242,-89.95200751394617,-76.17296054575435,-99.75326861095948,-90.22920613177075
-110.53732678704225,-7.010162188504296,-24.91955492496774,-44.833639103048206,48.69376763197897
-302.26687095484533,-92.76666730489598,56.93780410645445,-45.4058787898505,66.01972362147359
-198.10185523234185,-92.17775998116132,-87.84745945039181,-32.34329437121144,-19.414145713926615
70.57393912852241,-49.04171732904441,13.961726240658862,82.94672838803726,-94.7824963548617
2.876323131929091,41.46201441280769,53.459643054517926,25.569649046671827,68.11916359853822
-228.8111469091612,-94.77981874362953,-36.795455877539716,94.27907985761445,29.38050601904891
71.10577167895046,11.907667639646746,29.341736194045268,35.06701486513347,-17.933491516790497
-281.2670393489669,-52.99154667079995,45.25841722716035,-79.4638257638951,98.83908730163586
1.2643655327670413,47.03834561899268,-51.4597343637522,-33.298104962830905,49.74685399386854
-212.94939572615925,-40.913520014157754,-24.175154759469677,27.07835747021548,82.27775909963358
76.67541745017459,42.6739689311475,-66.86061406943344,37.09990151800159,6.624224838966882
234.8209129366466,87.39892570412485,-84.57024805231529,-75.35420410029431,-58.07180422645188
4.115248180475233,63.595327391855136,-97.64300826197312,-13.187789295141414,67.89172661376827
198.89080209765837,78.05654481417406,11.174446192838246,-66.34429168199078,-31.781764372359817
73.49176747898636,28.751402607531077,-33.14722891287538,-53.80830556062488,-22.938428264260494
-26.290911211337235,-15.43703198721866,15.731371484466266,36.55701536922743,5.194256491423715
-111.02855145406335,-89.00051812628402,-83.36255909919974,40.93991947217941,-55.907814311515125
-1.250436654687294,34.104971699734165,25.94693315664844,99.8454643613554,71.53150239967889
182.3794696220261,42.24031256597621,82.40956410234972,-33.281028774189835,-53.27493545845536
325.95967382430666,89.33401239844221,-56.58877634974044,56.959705275800786,-83.50904336479431
199.1094477390287,86.44317799494402,-66.68789826496678,-33.815902873832,-25.37529046989762
-79.21725903765558,3.687489166533325,43.43763689772314,-68.17186037980139,49.04751532841385
-148.71060929600424,-91.31941443511207,-44.833169090786164,-85.24847637770443,-54.2184810419974
-311.2916852712228,-96.32559236925869,32.17212346496973,68.59045110857971,85.32686551397464
-173.78397457732854,-18.47994923824787,-3.0861015847388558,-29.974804127980775,79.6480452273749
-221.64318043802396,-81.42044493323951,38.801555667788875,39.88629358486648,43.69620537978531
-296.51984335815797,-99.87833974823748,-18.451698565146344,-79.4201834498484,34.238019386867535
79.49128868940397,13.655858542789872,-67.72521922602684,-80.25414824321413,-58.51080908961841
-113.98366389636834,34.18215556586739,-79.25398458579743,-91.93193441005366,90.51412409896824
323.6745718504651,96.17195640024065,-36.33325213100183,-15.117190875144601,-84.05035418578245
-125.99293985776734,-91.07927607270446,22.02433935069743,-78.28074364588113,-56.48355815876178
38.17218974470638,37.09097754120782,-96.08265099386821,-51.68508114995953,2.065638285853467
9.809065990146392,90.67456619513626,-15.777424147062334,-85.0222857172111,99.7991875959674
275.35108236897213,89.63814413157124,-90.54582948563754,-58.00997671498131,-78.31143275651144
-106.5748799293829,-8.980324565290658,17.278741096399457,17.419058185085674,62.214289753857514
-253.27744168226457,-93.67365932966571,-37.952488166315824,-30.684605774010734,21.921664097649725
-118.33865435075388,-58.941587264522745,-4.113659924961695,-56.5438151396022,-16.91275627080182
199.88715912701988,62.78677262598572,33.426913577428934,98.41183211099437,-17.715355166519913
-113.29871815557144,-75.49444571481747,40.45358638688782,41.96201594251366,-17.19863930328789
90.77038616173233,31.706483780359406,7.136189368418783,-21.826529904523184,-17.905503167593068
-7.402370675521377,-76.17081807356797,-1.2181459276761046,97.54622759822166,-81.0400509703148
-58.59679803715422,28.050508496586502,-97.5475512605266,-60.467983484312214,49.75921952532616
-126.62750507856009,-8.795101056377732,48.58263353715856,42.79574755740194,84.73179425911331
110.78315314340276,20.58790679649549,15.47484032201399,-55.92849476072039,-51.55069222181545
173.39529741679198,1.183298871380046,79.4963965893296,-3.2568867177639618,-98.5369461875826
-163.8891186564972,-66.85229647268855,-22.96669596205261,66.54433486914121,22.763975980407352
171.175339625599,17.459077930987448,-57.68803841168217,38.01776414008367,-87.29848558969037
74.21687704218907,40.18431180623412,48.571513218207286,1.7856487012122528,15.708423068128468
-86.29922915614335,-42.649993947878585,-86.45187270697754,60.5510384731669,-4.689300371525704
-101.77145568948075,-46.95314311875609,82.42809283871253,22.998431008243017,17.66390603960562
99.7052509089868,94.15695978954932,-66.04724369316517,-33.42888867759764,49.645615266481116
-81.54093295700001,-4.2995520713048165,-76.3262048217701,-66.99436997982222,21.885845816015603
233.25792381531193,76.98366146925511,-82.79539490585285,-47.38178847411116,-65.76907314350589
-143.9505502371811,5.976982077306943,12.632657149595403,-61.643938865823024,90.33669229936521
-178.24519513448251,-46.97170770244232,78.6596176658353,51.561229018438894,71.8429570944046
-236.06371755727204,-62.376130930867355,-68.60748749156699,-58.09025459313697,43.99223265279028
38.6563657755443,91.93354119715707,21.52816817159588,-65.85416397381115,92.52348154105627
141.3727592223162,40.09255535217869,69.55974032002666,-27.787690455402085,-30.57005904569958
-128.98804276344958,-17.970072825326127,68.00965097827168,67.01278949823569,81.62897853606114
51.729919030373246,49.83469154545577,-90.06666334581416,49.33435529755707,31.90088598833742
-177.15719762977827,-77.64058539213468,59.692326295739946,14.919839946829924,18.537843667672306
5.225698820170293,53.92392312788371,-98.87724153210114,-41.47185123364907,48.30198028236265
61.541619632339284,85.71622083532006,60.4198443612087,-66.2917800485497,74.59647479360808
-205.71244012292317,-44.17286722604767,17.13207967475907,55.18185717039239,84.94170527245495
191.0769969974223,94.32609645161395,-77.06620581670441,20.363961120623415,-0.3333499303568743
41.94240551856527,74.73446899933748,1.8132948506925715,59.98941112046512,87.96040988508099
225.83269634033067,62.804889593306285,-28.717112272584117,83.32385339314027,-46.51301519989703
-110.49564637640202,-78.04545013842625,-30.555302125946554,-38.34867823027732,-48.59466333360676
44.52505020613293,-9.448851492499614,57.98709508239142,8.234461691028145,-31.457740661512986
87.7304568624523,84.9945236395335,-17.97637527742397,37.13017401554549,65.68532281061354
22.87221008829526,54.01576669935352,82.99550053600439,-75.31420967937078,57.676794277165754
-132.02282285303684,-67.13430056053322,-30.1931150485066,-97.66022913045403,-31.473167760973823
-212.13272585863393,-45.28385039511775,-80.6253531083199,-23.644322573414087,57.366741465735714
-45.94733445377264,53.474859444621615,13.730596573106581,-55.00987707089835,94.4440192903322
138.61523682395455,52.74044940973488,-58.31702747588592,-82.57198601676947,-41.41161872492181
50.39206782523468,-13.156662468282747,-61.293330543974676,39.100903029978696,-51.94999694754663
323.3991666294584,90.28451037674884,-43.56305491484089,21.176989716515337,-85.8832937163535
183.87045490702997,87.72236843397073,0.810949563850599,11.147717187585826,4.989298949987415
-3.773476113604786,36.76826247437529,-22.005983881936373,-79.86409953961046,34.015724715310654
247.9685672932974,66.77548917435442,51.33298637040602,28.685848702033155,-53.991223379909336
-136.64959165747456,-5.564863784412012,41.41330073985159,-67.05668552630956,73.43110594365541
1.069328179872989,-19.01623031684079,-86.54724176959294,11.367542094328627,-37.9553417931753
132.86859446396616,57.951250831510634,34.96999221280774,53.064789464352685,10.342310840506542
-60.95679564454974,-65.9431939818518,29.056290616842603,38.75587454038879,-40.02475171155338
-99.45908497485861,-54.969101342471745,-33.4867828329015,-12.331230359637345,-19.5971763194634
48.383943121010844,-28.194289101405687,36.49923757643995,67.73695317238088,-51.05541643506795
-347.35804713169296,-82.85456035994588,-87.58273720088266,-93.10922313065069,77.39707391321232
-43.80239809212848,5.91187739009429,-7.15891183930178,27.860473686689375,40.84410393725156
180.15747770591958,60.75711850456699,65.421490614439,-84.71843142830373,-38.57402186972445
-54.08622533314053,-67.56064010411369,17.549385918731517,-47.534454741136535,-65.09648952069534
-39.17679695249324,8.27677654648653,-96.07754105732738,41.95165405551262,30.137877824041908
165.98343642320526,80.37440220677485,91.37446844767635,-66.07044695828023,5.242359825192139
-59.61633608998473,8.729928841331287,-78.55766677101477,4.016050838360826,39.221901522298225
37.83646881650723,11.097561500275205,-20.499149262902577,-52.22750233409859,-22.187522837941543
77.1677246141945,52.30584824928596,-75.941156135444,-67.33953259755646,-2.289392415443146
184.87831598676135,32.55654996935036,1.7453237497991836,40.68695101314728,-65.49895453796664
-157.1589910534887,-2.7267155061517343,58.87304386710696,-36.595022648667786,99.18092500044463
246.45678866929882,40.0001408045776,82.78476640889642,-32.506566195459015,-97.11624940372407
202.96821388099139,43.46009615740033,-50.67822907973905,87.34204567686282,-60.7196442668529
141.60007963150005,-19.540610158291244,87.7117574378382,84.87882089108777,-88.0146929632843
135.42649730103264,58.61906958474751,-85.63680555102171,58.56097431380471,-7.75236220477305
13.210840731468389,55.30618857480502,-89.4062841481976,13.101055774471021,56.86080770956255
125.11529198260381,68.66768268966953,-79.09915299874967,13.452042750743274,5.337385907973612
-141.4779773381325,-41.91374701213149,0.65032942087457,-88.97686741433645,15.841130549081967
-22.265371782008714,-49.67011357512256,1.0634016676961409,63.17981084314647,-41.323079715857205
55.47010967873832,52.93271183998431,-87.65074521752626,91.15011290958498,42.014466914600376
94.1598392128617,37.71527288247461,-38.64113458579625,-98.22540830164013,-33.461976357356775
-80.54765516913095,-30.89217710715056,-16.679130463206064,-91.69389401379384,-11.389499833352914
42.58008260686227,-41.64882828931451,-29.714253236459754,-9.61901717412394,-91.13027068505333
-181.5743014758961,-59.319815243111606,-97.68402755741008,-83.53081750464511,3.5869575098061546
228.70849754966588,76.25437593762831,-83.07551921322084,23.558442536944952,-49.54043374583772
-62.536863037000465,-23.24032195340851,54.91577183473072,-85.37162347643267,-0.14517252346087162
-158.39345803893548,-9.49612391833196,6.9489988989620315,-91.82025489364747,71.53851316063088
95.0782722914353,-20.568844373889178,91.08780952731846,73.7023221406497,-61.35138411970289
23.539816643813026,26.258165167818007,77.64151632679005,-0.7582679952773361,32.411359538444174
-208.90983595782546,-42.71973067825727,-76.87750315905629,82.92239985527243,79.8981963521183
124.103739131788,36.277914500904814,72.9580281853209,86.53083024844807,-1.6905700427106751
92.96204900684049,10.622708331060224,46.97703977641507,34.30744285296612,-31.247283087233015
25.752205517500585,32.32227392751955,55.59440915545568,69.95370978615983,50.12941900518399
-84.15875573266571,-68.67130184349753,-71.34023301138737,15.810038203093853,-48.126386256724004
159.85816770229644,35.41234170557206,-26.221238451043362,-95.18500875997258,-76.45941339626103
-60.51659927927779,-58.12189159048597,-42.923605058950564,23.480729930725516,-43.16978291292677
219.90409028332178,60.41044519981017,58.34618976252494,-30.074403519662567,-55.24036836036144
137.2306142759851,98.24787984402005,-23.774769853529932,-62.68092859571674,31.763583082856996
238.95244331233044,70.60690701695754,80.74821753349693,68.14020703875332,-30.60129757275449
-295.97270561804015,-89.92521154653443,15.732976765783178,7.132953879324958,69.61770728741368
-77.35820917046304,-57.40026386739454,-91.97162423696506,45.704909514492556,-34.121320960929
-184.32757316097246,-81.03432034803112,65.09338949481463,98.18001355681153,35.565627912117776
228.83737695094064,93.71367739402297,70.36473438046863,69.28152740191095,6.162975414893808
-304.17376892724843,-74.76465400947798,-55.42225185552469,-65.31095641740453,71.36844948646836
108.03282486097501,39.31431892814433,59.59590086386484,-95.59389273094664,-24.78173872406228
19.863393403312994,-7.77950664294913,-69.89580628157921,-42.573775436622505,-42.332403628139595
209.70064706284987,87.25172025321163,67.2495182695437,29.95135693159949,1.4982322749144572
-191.20857002017902,-54.014258311284614,-73.92913876358168,-26.56657806880598,32.255065949836904
167.69850624783618,62.914015014090836,4.7657595519438445,32.04237799708116,-14.170447790623484
60.81068022110091,87.7233715845704,45.648513336037354,32.06301334072242,95.15721577898347
-90.8995009638719,-31.556613860826772,18.9781826941999,96.48547674921664,36.75606307242583
-16.88477631567613,-39.092234501667456,3.2944323983434174,-14.235230560275497,-45.45496830822571
25.834086679164606,-30.376340647242245,99.67564285676863,98.22538725575117,-23.963647255985848
80.27457713568408,78.81671449285614,-6.158541917418475,-31.86355707660921,50.20217962871723
-36.82194172858232,-76.04181777476089,25.67572355717651,-26.835196091995243,-82.82534115387811
373.74765199380886,92.97381527522512,30.77830974747053,90.87198249705978,-89.15015409477532
-348.62653277514005,-84.60325946620932,-90.96258054806083,13.591573802024598,96.40798485043038
40.24341876347751,-31.146387402862203,-61.74224855894577,97.99091658787853,-59.1539963746162
-136.24769094691285,10.142166951358277,-91.49502810985793,47.77728426001556,96.91798556629684
170.27061091991612,31.175772738630457,-95.66183013884304,-80.77148347257179,-96.64741111662431
3.860018485071408,-35.90704658974188,69.84348784155713,62.55367574260754,-29.287643897067355
-149.7221410352249,-94.74124339328631,78.3212514213676,-28.65446161609526,-28.491707963769926
258.2457719496096,98.15097706189059,-96.549074080492,-32.4950836055514,-51.272924534754495
107.00039724561648,39.88632136371112,33.18225247637099,48.181574943027044,0.8644029982752386
0.008120756307546162,-18.705920561323566,-30.51677169041605,-87.07841324347285,-47.67182557892462
-96.9467233156489,-71.74743364792621,-77.32336336679455,-88.79025845219329,-65.80003967269576
-41.34560465386702,0.3937147361826874,16.283759103387084,-95.2832917245943,11.11604271047672
-28.415143134778024,45.59069958291863,-87.10743926210395,4.544494868849796,69.08769379095415
-97.72368146995402,-83.3367795201294,61.02310257523479,-87.12459349832737,-60.1564773272008
-243.29958206051955,-84.58293982991508,56.67730759674336,90.73153623867657,66.07146488093974
-21.974916327566984,-21.655516705388365,-39.03976355626379,69.03445041314976,-8.052147145995562
-13.061576652024666,20.871613526103005,-86.14082950018374,55.71119399714911,35.42466603506975
169.38582634461392,82.94054958866937,-59.90655155135804,66.5848374881783,9.371647120847328
180.2945681349766,18.774068499440943,78.86684692623041,-91.92216379362763,-96.27564814574502
350.64501276864695,95.65539296705771,99.51041533058682,18.98923041641784,-74.42461327517782
-77.28139525576782,-97.49818815810775,-39.476843246559625,-10.411158708227418,-92.83168954848493
19.05936371756079,-41.085147654099764,55.7893755090586,95.48042727899463,-41.47955174485127
74.87291225723914,-5.990117985586636,39.746569870368916,17.088796814468793,-47.172601567310956
71.50933086719752,-28.56982869746183,-0.31721098201344944,-50.04101314858749,-95.10804362886614
-170.1162903179741,-63.164475016304245,19.738731415914884,24.53207329280167,29.713484670034376
80.01573136843393,29.133213502817,31.12901025366523,64.77590303901789,6.070379213333823
101.11051824874227,-26.742875391707727,25.813466754880054,19.17917752461102,-94.54854499320906
-302.32545044866754,-97.5148590349701,-22.700407041289793,-29.86369498519454,50.26615862716184
135.3000778581801,80.87228849226278,31.58392045699017,25.406709138133238,34.25134189381322
132.36437654385787,59.4602146733136,-24.78132909400557,-44.86873963146718,-15.6535116222164
34.30340100261123,53.56874977007183,-51.8468229055371,-20.027571331480672,39.889207570976396
-34.19479727709615,20.34007488078042,-25.09516454623271,-13.19184037747685,43.76092147491201
197.01241114108828,41.08634816497968,-70.94556726625238,-44.8079477839715,-89.6747350674085
-42.49033797084271,51.37097805192752,-22.012019320235282,-66.09045254881683,81.98584883905502
91.74093756910848,26.300085185415043,8.690488561052078,-40.35213628230259,-29.005204603341312
-160.0184618152172,-56.752600847827054,-98.48803661296981,-69.5932543928684,-4.070821524490256
29.131780287834996,17.889670619594895,26.885134527299755,-87.3496678098993,-7.26067552995238
91.6768782866802,19.758609414034538,92.09060717665042,62.34800597047786,-5.647588730667579
-15.153066895067361,-2.4932201934705063,-13.234591581157133,-71.31665141843226,-9.960209571547125
217.36711148717507,58.02803486564156,-72.32846675427538,72.7837158327088,-56.31477958140201
-48.52651216301424,-97.2600070913195,80.31385353493249,30.943606006832113,-85.12937607597371
-73.21995767785367,-67.47392080902875,62.04398227796156,54.46682512754671,-26.215781331893325
-193.35271558344286,-68.70355725765151,77.40713191058813,81.26363750681452,56.77877546294724
-80.28683686151285,-46.09332512212971,-89.84824060848318,-68.21286421444634,-38.776144526770985
-146.78301621631493,-7.793829439209247,-55.235872567408805,94.35866786951223,93.84796378489784
-12.955312149521621,33.32628553863674,92.29611429162802,44.54053522080281,77.10931536213141
117.02221353950233,54.4983197196585,21.102508214352753,96.73878467697426,22.263667054600077
-71.43282055740123,-87.04238316682603,43.80039546880272,37.095905028208676,-60.59571715174039
-347.87291511633913,-99.99130336785751,-29.078412453792197,87.54369783877871,98.28003236269265
-146.02572388443218,-12.97940287722983,83.61768241010691,10.335617871297913,90.6700557636619
-66.18552228893294,1.821225944097435,47.8700856834256,-28.06876262379039,46.889751548127236
86.36682618894697,48.64296935900231,-47.73741285337485,-92.83349788973614,-13.841853934536076
315.94586323362773,90.11126101834378,-61.206886886635225,75.87868139479204,-72.67903583417869
-59.22092171563443,-46.81472486438387,40.57825260035878,24.30373998722915,-15.473245416315478
-137.28427102223733,-82.55666154400623,-15.743709852759153,-68.86674238900858,-41.78147972755861
-77.54150760848323,28.281898808010567,-31.23584560213952,-41.715390958246836,75.7516593509838
-1.5391474361164392,-4.2191522639073895,51.65654046568099,56.54683693396251,13.757194162876488
199.19928645998272,52.13098271860653,69.38726291308481,-87.51649431577184,-62.833972693314166
318.6892277081142,79.28956874048828,59.40471964761829,-32.072863561617666,-93.01962250704547
108.85692061393432,89.47815299307385,61.12093588761917,12.613300985441313,65.33676937033442
-6.256561034359393,36.76153826418113,-48.947728627239925,-81.74694446046145,31.407629837039167
-62.44140038413737,31.664020158511875,64.59472336668267,-53.97798078120406,82.87172964231809
-272.62838214578466,-87.7393989908173,34.09371737075887,-95.41986190821801,40.62375450183106
64.57500524484146,-0.7448353792244262,-87.69283190948491,-65.42553999372802,-68.84074655766494
-78.71600422288464,8.208988120912352,-66.68315731249304,66.78271381519383,65.22662129650482
83.58555512025612,17.930103560323587,52.06048151852872,7.838939882945752,-19.624662882682813
233.1382665086193,19.950221638401857,70.76908331766566,80.73261688393038,-96.01486316795145
270.828876429175,74.85651234120314,-1.2125588485369434,83.90120882283924,-54.67608741226737
-120.07689537246631,-14.678235090926123,17.21777046789454,-54.98845578594096,48.79072966327581
-48.233390362666384,10.151863176540246,92.34163026717906,0.728718448912673,58.82414801288638
24.481622944123426,-58.646137450213764,-45.03492039561316,97.96151222987902,-84.3898093515498
40.0353673373181,16.681516171393767,9.870901515723162,18.205773250480362,2.5694128586006144
-156.96964198522738,-18.2349270291801,-89.21660921248713,-62.81610934115906,50.24218226463947
167.2515588620335,98.53768221832311,39.90786532533957,-88.01955478191823,16.869046591520288
-131.8531580759025,-10.373706573702492,-51.052230723974354,-43.18812146814308,54.19240286871678
-164.22397957931858,-65.71974458591328,-65.94477352883221,94.3307462787408,23.43769973487862
147.01414312548343,71.26181720739413,-1.5302207726915356,48.279151332672654,13.2766019093024
128.90401331019126,99.78136052255152,56.897165769625474,-67.92573196598788,49.82328571364397
85.98601461632833,89.9012169147635,-63.26465717764434,47.56412310104844,68.68052022321598
35.29926716625301,51.545727097590344,56.04552168159893,17.673393019712407,60.10548259948635
-135.03599348941003,12.503943536750654,-39.92417577738312,-84.95630186844252,81.3532869964281
186.88610105071592,44.18792710452618,66.49282114860492,-58.2567376366375,-60.785428039325936
-12.550239871292373,-66.15198918458626,-51.10007597693447,-14.321122090565979,-93.64902033546426
1.8225832832180995,-51.38962671567482,-5.9290849348172685,83.13558903281185,-56.73888783910825
-99.74333355679265,28.616659314607546,-70.52428979418718,2.847375654298162,93.66498103320725
-9.089761587711056,54.13236802258524,-96.70531672654337,29.896329486010245,71.87496419100393
158.2903258495246,87.82913112141006,47.463098693644326,55.419236019118614,37.664538998537296
217.7407584965684,92.50096064765907,22.697294895362916,-10.543329480703576,-10.75828964591625
206.9476961543222,46.423333543629695,-41.02261281700259,-21.096329386372275,-79.40067959059623
-166.2074695898951,-62.78677720260255,41.04150920817992,-55.59427563412107,15.529641061523463
-114.64702486016381,-74.12897831824326,99.43824650057675,26.112846070778687,-8.74109905571035
-238.91686423084494,-99.1634103865778,19.31242068451465,-62.2994212755851,7.42237703873414
-49.597433422070054,3.8614978262921653,83.48192078272606,78.89704686072312,65.31027218469532
-42.309870503838376,-26.29455457218708,-63.177796607265854,-57.40899429786952,-29.80543083144407
-157.40361414121713,-69.25837612933847,27.21485073502943,49.010221447226,19.033779529175547
-144.6758832644858,-75.0385158954969,-92.95664993098116,-16.744461342645977,-28.06498840522778
91.55065177341406,16.890813826376032,-39.23826201293883,-62.96616524220664,-53.67766232359057
-151.5207172501998,-9.60094678065471,65.41497597190343,6.9264519310599155,95.2190161108843
9.102476556548392,64.10604473638597,-62.74403291607293,-36.69764349169667,66.0800227986395
-171.62997966286,-60.97435280172823,-99.83765441206201,-34.66092816252184,4.055219463807163
-161.71774141890714,-83.44935613521113,15.404579788778221,-71.60264431498184,-23.26730219471162
-225.4633831943041,-54.8963376024918,11.616071352105621,61.88434380174152,83.2706441023006
145.66832124503156,92.65176207470316,52.8713745355397,31.09728951722778,48.287904180471
-50.52969636529454,-42.305138094215586,-84.6333769462626,-62.9202678972969,-50.70908148371027
-12.407268282143212,-14.214649150905359,-68.48391825890721,45.696977331265856,-12.862068126877674
-173.89222762936913,-32.37845877737537,-25.81310791268254,85.44437886658847,79.8558880791555
127.57224715007226,37.81889736110227,16.9501356806759,-37.3301965948704,-34.79104487647524
-268.27295545876376,-44.16236802895443,-42.401536514778,-65.59649419602687,92.0685831887258
24.49589437988099,-11.64279222753612,28.591262565341225,90.86616210673557,-9.878313863533506
176.86346302829202,97.43093536312756,99.16026568640262,43.722125151894176,44.3983901282989
-248.2192021578262,-59.6673122652954,28.401761386936897,-96.0370618971927,62.50719265541858
-95.80625020331527,-93.51848787556538,80.569201309282,-61.67409317531247,-67.16644289968406
5.182233205957891,-48.834963094795555,-55.26739918323136,42.30511601067715,-70.52318005754626
-28.159100290090628,53.452707322980615,54.68041588227641,-35.05387852662474,92.94077065852267
196.1142202061051,46.4479087610643,85.42791016773435,98.02432699715155,-29.51777084654556
-44.58576991224924,-29.054788890040612,45.51528986709218,-30.126567469014475,-10.627538169040946
8.082022753338187,-12.891437698439006,46.42003431061502,52.50060762357373,-5.599981461776366
-12.833602271021448,56.6279519772921,-99.28252020198833,-81.0879252445059,55.4484679465001
87.57924509035374,-16.277201631328737,-27.179551965068114,-70.481379924952,-96.83004946487783
-81.07387644696317,17.391077361992274,35.755270211839786,-10.008371261840992,79.67652369582376
-54.184591131888226,-20.26693051018296,-62.22354004329449,-68.70295935166082,-16.22332345692861
-78.17822416831663,15.1698176879393,79.27086533310867,-77.60555465420668,68.11885581797915
50.958503811508734,75.42244837723464,-2.562713563162305,-89.15828357788556,53.090316561788796
154.34993120815977,-8.695001709782531,81.53922727035697,86.44512165440784,-81.74731902514966
66.83999161538239,48.40945919863316,-80.64122711689149,-39.039983925597866,3.8433057939210755
345.85587360018343,96.47975623131245,-74.5628199936242,76.0510828689959,-85.10545083349406
-124.25874097477659,-7.461437138701129,-77.6820239103748,47.73888185898528,66.9850824190487
-249.22716773971186,-77.05999774380913,-17.355419476498184,-10.613180175025121,49.39184117517422
83.71955721047914,42.90468979799189,-62.31217871486263,64.68046243988744,8.491448157955418
-313.71529348905887,-99.7398623782054,78.19168482560053,-2.2636029765544947,75.071920030885
-307.9222371371514,-97.84269908060979,0.1899770449981446,-7.731151860534482,61.43187468114414
-43.10820448435824,31.190094993740928,75.27472593564747,47.036159857680275,91.612943120659
-143.239369431076,-47.87258787085567,-45.50568560462649,59.158470620705344,30.900169440883218
-41.16112400102928,-84.54752728902085,72.20060785742908,-70.38087984805956,-93.05757214425967
66.63839770381135,-29.610009099521278,38.77867849046524,-65.29770000507855,-90.60823085347963
-21.298219983356145,-18.487076457354434,-34.850612588035716,92.62353026299246,0.9580572551193285
-198.01374797978755,-53.04179721904914,19.10786978357335,89.50050666405895,74.82707408121891
151.13737400811482,-0.5460250633295516,54.81476359025464,11.712257465603315,-87.16532166639118
97.67285043072113,42.94673826537402,31.5643407393961,-54.73718590262258,-9.598313477797788
154.40282568318528,14.720358187924603,39.3042061897367,31.685559673241215,-66.71135054880068
-49.78054715338289,-87.39845661228642,-55.23603011465554,37.18720060676006,-89.71038145490624
-83.29663637322338,-73.58707572711134,-72.87115217393256,-45.224772246112124,-67.97852271684513
40.90060170135913,44.643975485642216,-21.359054625732554,-82.16327137338587,15.898412507292605
67.22055821319434,90.00307087755692,66.82455151612874,-20.76420753241817,87.04444805451473
-60.497358228935255,-28.79195800381315,-84.20349395449742,8.20323228312894,-11.660544140116727
18.33256814502781,39.68452033621054,6.282231475417561,35.641807959526915,50.75532576773179
305.5437536483729,79.2377985265062,8.53714865396347,-52.98584283370846,-96.13759696339767
13.516887156375944,-13.291026561551035,65.98073417141671,-18.228766965919775,-20.558549985515967
-180.67483278708627,-19.02624363074763,-61.175709355123885,72.07945105912108,94.93608155767888
259.8056940068351,90.25234606388543,-10.122387353460567,-81.74599013594725,-60.28369825962756
2.8034875818338367,-39.32910387811779,-27.966461442544045,-78.543237559688,-75.90039439677243
-251.07140054435973,-73.86276231069323,-62.420499409229244,80.02034371658468,65.81953824110352
-250.8438832773974,-71.62331628445855,-71.95517501722715,63.71618019350166,64.32017646742938
55.805021506521044,30.697009235943227,-0.07720023918527374,-90.61592737577351,-11.262389129161022
-126.13280671998172,5.915543173474646,70.01451425801412,-29.841420131141348,93.71657768802976
-157.1821979924951,-88.2337107861692,-58.37653110443599,-97.31473749005137,-48.943071649251465
193.6802807746727,63.63551724085943,-23.00382987055498,75.11535198080236,-25.192793646198737
19.169299246431848,74.32417234609986,-43.351413427030394,48.866770176910336,93.41744058656934
-320.43504182421,-98.89154575989114,-69.26339939632663,47.88677067811278,68.56363165186531
-243.31160654751207,-61.636557869984834,-78.65411885683737,-41.21067601484578,51.330003451808494
-97.54612739364067,-37.84807428201133,26.208383483631522,62.98178291691153,26.51963996878888
-155.83469054840808,-69.42794148600572,84.32813096767771,-90.93072151883598,-0.6526200448356434
68.5000807412048,92.81700208426403,78.26315432900591,-37.17284192775037,88.27426820633903
95.57347002087504,98.59129287178115,50.635932700426736,-37.23464830853216,75.2060956913559
31.003200463277373,73.48769901513384,-7.3113858376262755,-87.08707629078421,63.355186802736455
-177.55275386760167,-91.51639680227419,-24.081200654533234,-43.901625042745486,-24.505562278912848
-219.22180053562104,-60.12324200976029,85.03826962196365,-17.829501286308243,67.2359744353657
212.1730041132342,41.625644427271254,74.87451341956842,-35.90919435502519,-74.95268124370509
48.38929617618163,51.47454294466479,-75.89710913434601,-70.85781183409026,14.332090729006808
35.40733930594623,-2.0782426289749196,-33.024803660867434,22.4130244661213,-26.46572116210912
-5.354949491170697,68.79449727886032,-83.70942130634981,-81.64956758772668,69.77675878010237
-3.9321650292006445,16.429337040450193,43.09979382875534,-65.00163101495251,19.095398988189373
217.56021491423544,55.86489127564937,-20.85997221009967,76.38450793756564,-50.54904602425121
-53.637621625397756,20.92026377225227,69.6121554175258,19.947050411041673,77.66985255904922
-146.0466376182131,-91.51391057430118,3.934656160134594,-8.468335910714302,-33.62245033191968
158.029175342669,52.43629490843321,-27.100073683426018,61.185469386141705,-21.048982232484548
-13.785068265058497,12.76165669242151,-63.22925692366945,96.61414630468428,36.226412868964076
-38.7750703503194,-12.87336028351487,4.391826299885523,-5.2026292890274135,7.001411556153343
112.57329337031864,25.92227854287796,57.6796801154899,83.97924169958986,-11.35518476891005
-305.156298298824,-96.43825701984234,36.167217659637856,-0.36937296381415763,68.42943181274347
-129.4077960377526,-1.4510284370526279,-49.4386052759064,-41.075037365785725,65.77171714292746
83.15632069363153,53.50852961000453,78.34523681659229,-99.39604700220524,12.623010104338036
260.928854057694,91.5556676469512,49.8248198013689,37.04912998777391,-26.455849018582782
-245.28445470982135,-67.90805050863568,-10.300359618949798,19.878709981552703,66.02408659208271
-67.17276268527345,10.458006565682055,-64.69459822352097,-76.02056784725764,33.04492409261303
158.9250702427802,6.62965671152503,66.9816458839837,-84.98419912473713,-99.7811091145405
92.25338126023199,4.428104927328576,-59.27818993684715,-95.04018534686223,-81.02352328102376
69.9165866233176,13.785885093915539,94.93140334327543,81.79528862732332,4.35896208492656
110.07230063253924,79.30473437849074,-94.78594148721903,-6.9569491569178865,23.29479831229675
-89.93117293245172,-24.328315309870987,12.43358569465994,-54.86919988705126,15.615345734970319
-152.21297692095604,-57.34793675090899,25.486586105301058,42.740187121727956,30.914367070067726
-39.944198775437606,-55.58247793583182,-79.38520825365683,-65.28822542722355,-75.75562574886729
81.29259983321735,84.73805233521938,-81.99512334050007,85.96002065516447,69.21568938703379
137.8985298137747,-3.3842303648725363,87.6040397102959,77.42386975423412,-64.80254391992604
208.59871390200846,23.735171689034985,1.5092210849331167,99.16218267950393,-81.78124124004505
-186.43053312422452,-95.78352041586342,56.45563631426714,-52.474725410318676,-14.389914340017356
-275.33990296059545,-85.11708013585624,36.55683167054721,-95.81576887419425,45.856499141308745
24.552492674685602,4.926268057620447,59.925693363490154,95.66356904711364,18.553865367616496
-295.7795642090487,-49.02658647285878,-85.60869321415372,-82.29939393273838,93.18291000898887
266.12724309666186,81.29859936349146,20.417271528899988,-64.9538789724309,-68.5498319308293
231.88441674133603,34.91908969923509,91.1388548084523,-14.272846239059575,-90.15368209870671
-85.7365592740461,8.874247983155058,-92.55308745015473,82.13239038556364,69.464042744408
58.33015181814777,95.30457871800868,-14.006525593269117,-97.90215481900005,72.71064270724364
-81.9876214959611,-27.166572565709373,-89.63804966268543,-71.4604992539372,-12.22793054517335
222.05541282592878,73.60197504430818,-62.188940254420345,-86.7717810020853,-67.68487771431509
219.6099062080178,77.49621638642802,-81.2214953493867,-9.409641770290307,-47.98429164631413
75.04903658751738,95.29535304943647,42.68430165108995,9.571392947784958,91.66223062755373
-63.045609334224615,36.112414547009365,79.80490505505995,-25.028327469701054,97.66064889453844
7.20547490317663,10.247115010175165,52.07095858412512,47.617005045314244,26.885929824902234
-16.639405747920993,-15.04322983245521,60.997788091941715,7.921983787911785,0.528107283999816
27.866240087021257,-41.74239797334891,39.75352303514194,-11.379966312286953,-71.99564945935086
-39.085888823749045,4.622937529860451,-84.55532400126538,42.28748332409077,27.143682240045337
